Id,actor
213746,
171539,"비고 모텐슨(토니 발레롱가), 마허샬라 알리(돈 셜리 박사)"
174830,"자인 알 라피아(자인), 요르다노스 시프로우(라힐)"
186114,임지호(본인)
192613,"하나에 나츠키(야가미 타이치), 호소야 요시마사(이시다 야마토), 사카모토 치카(아구몬)"
144906,"조시 게드(베일리/ 엘리/ 티노/ 버디 목소리), 데니스 퀘이드(이든), K.J. 아파(십대 이든)"
151196,"제이콥 트렘블레이(어기 풀먼), 줄리아 로버츠(이자벨 풀먼), 오웬 윌슨(네이트 풀먼)"
169240,"김설(아일라), 이스마일 하지오글루(슐레이만)"
196843,"이시카와 유이(바이올렛 에버가든 목소리), 나미카와 다이스케(길베르트 부겐빌리아 목소리)"
175092,"정백연, 주동우, 톈좡좡"
157243,"아미르 칸(마하비르 싱 포갓), 파티마 사나 셰이크(기타), 산야 말호트라(바비타)"
181710,"맷 데이먼(캐롤 셸비), 크리스찬 베일(켄 마일스)"
196828,김호중
179518,
17421,"팀 로빈스(앤디 듀프레인), 모건 프리먼(엘리스 보이드 레드 레딩)"
10200,아놀드 슈왈제네거(터미네이터)
154667,"이순재(덕구할배), 정지훈(덕구)"
10016,"맥컬리 컬킨(케빈 맥콜리스터), 조 페시(좀도둑 해리 림), 다니엘 스턴(좀도둑 마브 머챈츠)"
187320,"매튜 맥커너히(버스터 문 목소리), 리즈 위더스푼(로지타 목소리), 스칼릿 조핸슨(애쉬 목소리)"
35939,"손예진(지혜/주희), 조승우(준하), 조인성(상민)"
18988,"톰 행크스(존 밀러 대위), 에드워드 번즈(Pvt. 리처드 레이번), 톰 시즈모어(Sgt. 마이클 호바스)"
69105,"벤 버트(월-E / M-O 목소리), 엘리사 나이트(이브 목소리), 제프 갈린(선장 목소리)"
156464,"라미 말렉(프레디 머큐리), 루시 보인턴(메리 오스틴), 귈림 리(브라이언 메이)"
10002,"마이클 J. 폭스(마티 맥플라이), 크리스토퍼 로이드(에메트 브라운 박사), 리 톰슨(로레인 베인스 맥플라이)"
10102,"줄리 앤드류스(마리아), 크리스토퍼 플러머(캡틴 조지 본 트랩), 엘레노 파커(남작 부인)"
17159,톰 행크스(포레스트 검프)
106360,"휴 잭맨(P.T. 바넘), 잭 에프론(필립 칼라일), 미셸 윌리엄스(채러티 바넘)"
29217,"러셀 크로우(막시무스), 호아킨 피닉스(코모두스), 코니 닐슨(루실라)"
18847,"레오나르도 디카프리오(잭 도슨), 케이트 윈슬렛(로즈 드윗 부카더)"
22126,"로베르토 베니니(귀도), 니콜레타 브라스키(도라)"
82432,"엠마 스톤(유지니아 '스키터' 펠런), 비올라 데이비스(에이블린 클락), 옥타비아 스펜서(미니 잭슨)"
197647,"션 알다란, 잭 힙스, 젬마 리주토"
35901,"송강호(박두만), 김상경(서태윤)"
24452,"키아누 리브스(네오), 로렌스 피시번(모피어스)"
32686,"히이라기 루미(치히로/센 목소리), 이리노 미유(하쿠 목소리)"
66463,"톰 행크스(우디 목소리), 팀 알렌(버즈 라이트이어 목소리), 조앤 쿠삭(제시 목소리)"
31162,"톰 행크스(척 놀랜드), 헬렌 헌트(켈리 프리어스)"
203288,"벤 애플렉(배트맨, 브루스 웨인 ), 헨리 카빌(수퍼맨, 클라크 켄트), 갤 가돗(원더 우먼, 다이애나 프린스)"
34324,"김을분(할머니), 유승호(상우)"
11678,"이연걸(장삼풍 / 장군보), 전소호(동천보), 원결영(불소루 주인 소동과)"
147092,"타라지 P. 헨슨(캐서린 존슨), 옥타비아 스펜서(도로시 본), 자넬 모네(메리 잭슨)"
31796,"일라이저 우드(프로도), 숀 애스틴(샘), 앤디 서키스(골룸/스미골)"
92125,"제라드 버틀러(캡틴 조 글래스), 게리 올드만(찰스 도네건)"
181700,"조시 게드(베일리 목소리), 데니스 퀘이드(이든), 캐서린 프레스콧(씨제이)"
10048,로빈 윌리엄스(존 키팅)
14450,리암 니슨(오스카 쉰들러)
136900,"로버트 다우니 주니어(토니 스타크 / 아이언맨), 크리스 에반스(스티브 로저스 / 캡틴 아메리카), 크리스 헴스워스(토르)"
17170,"장 르노(레옹), 나탈리 포트만(마틸다)"
163788,"메나 마수드(알라딘), 윌 스미스(지니), 나오미 스콧(자스민)"
37886,"이동준(김승현), 김혜리(임민서), 스티븐 시걸(잭 밀러)"
161850,"나문희(나옥분), 이제훈(박민재)"
134899,"강하늘(윤동주), 박정민(송몽규), 김인우(고등형사)"
142632,제시카 차스테인(엘리자베스 슬로운)
12482,알 파치노(프랭크 슬레이드)
18543,"주성치, 주인"
30688,"다니엘 래드클리프(해리 포터), 루퍼트 그린트(론 위즐리), 엠마 왓슨(헤르미온느)"
19079,맷 데이먼(윌 헌팅)
130850,"지니퍼 굿윈(주디 홉스 목소리), 제이슨 베이트먼(닉 와일드 목소리), 샤키라(가젤 목소리)"
17541,"조셉 마젤로(덱스터), 브래드 렌프로(에릭), 다이아나 스카위드(게일)"
154573,"파드마 앙뚜(본인), 우르갼 릭젠(본인)"
19099,짐 캐리(트루먼 버뱅크)
31795,"일라이저 우드(프로도), 이안 맥켈런(간달프), 비고 모텐슨(아라곤)"
189027,
51172,"다쉴 사페리(이샨 아와스티), 아미르 칸(램 니쿰브)"
73372,"아미르 칸(란초), 마드하반(파르한), 셔먼 조쉬(라주)"
19303,"마츠다 요지(아시타카), 미와 아키히로(모로), 이시다 유리코(산)"
17441,"박영남(둘리 목소리), 이인성(고길동 목소리)"
39636,"다케우치 유코(아이오 미오), 나카무라 시도(아이오 타쿠미), 다케이 아카시(아이오 유우지)"
17135,"숀 코네리(존 패트릭 메이슨), 니콜라스 케이지(닥터 스탠리 굿스피드), 에드 해리스(프란시스 X. 험멜 장군)"
12270,"맥컬리 컬킨(케빈 맥콜리스터), 조 페시(해리 림), 다니엘 스턴(마브 머챈츠)"
10038,"시고니 위버(엘렌 리플리), 마이클 빈(Cpl. 드웨인 힉스), 폴 레이저(카터 버크)"
16210,"로빈 윌리엄스(다니엘/미세스 다웃파이어), 샐리 필드(미란다)"
76667,"이금희(나레이션), 이태석(본인)"
62586,"크리스찬 베일(브루스 웨인/배트맨), 히스 레저(조커), 아론 에크하트(하비 덴트/투 페이스)"
182348,"이순재(조남봉), 정영숙(이매자), 조한철(조진수)"
10114,"톰 헐스(볼프강 아마데우스 모짜르트), F. 머레이 아브라함(안토니오 살리에리), 엘리자베스 베리지(콘스탄츠 모짜르트)"
189075,"설경구(정약전), 변요한(창대)"
13008,"스콧 와인거(알라딘/알리바브와 왕자 목소리), 로빈 윌리엄스(램프의 요정 지니 목소리), 린다 라킨(쟈스민 공주 목소리)"
31013,"제이미 벨(빌리 엘리어트), 줄리 월터스(윌킨슨 부인), 게리 루이스(아버지 재키 엘리어트)"
87566,"프랑수아 클루제(필립), 오마 사이(드리스)"
73476,"이순재(김만석), 윤소정(송이뿐), 송재호(장군봉)"
34227,"숀 펜(샘 도슨), 미셸 파이퍼(리타 해리슨)"
144318,"디오(뭉치 목소리), 박소담(밤이 목소리), 박철민(짱아 목소리)"
35187,"애드리언 브로디(블라디슬로프 스필만), 토마스 크레취만(빌름 호젠펠트)"
25915,"제니퍼 애니스톤(애니 휴즈 목소리), 빈 디젤(아이언 자이언트 목소리), 엘리 마리엔탈(호가드 휴즈 목소리)"
189111,"안소니 홉킨스(교황 베네딕토 16세), 조나단 프라이스(교황 프란치스코)"
16466,"케이코(윌리), 제이슨 제임스 리처(제시), 로리 페티(래 린들리)"
18782,"타나카 마유미(파즈 목소리), 요코자와 케이코(쉬타 목소리), 하츠이 코토에(돌라 목소리)"
75470,"맨디 무어(라푼젤 목소리), 제커리 레비(플린 라이더 목소리)"
34181,"김서영(길손이 목소리), 박선영(감이 목소리)"
52120,"에드워드 애스너(칼 프레드릭슨), 조던 나가이(러셀 목소리), 크리스토퍼 플러머(찰스 먼츠 목소리)"
152655,"앤드류 가필드(로빈), 클레어 포이(다이애나)"
103535,"설경구(동훈), 엄지원(미희), 이레(소원)"
10001,"마르코 레오나르디(청년 살바토레), 필립 느와레(알프레도), 자끄 페렝(중년 살바토레)"
70457,"제이 바루첼(히컵 목소리), 제라드 버틀러(스토이크 목소리), 아메리카 페레라(아스트리드 목소리)"
47528,"다니엘 래드클리프(해리 포터), 엠마 왓슨(헤르미온느), 루퍼트 그린트(론 위즐리)"
29657,"데니스 퀘이드(프랭크 설리반), 제임스 카비젤(존 설리반)"
195975,"RM(본인), 진(본인), 슈가(본인)"
17153,"톰 행크스(우디 목소리), 팀 알렌(버즈 라이트이어 목소리)"
71081,산드라 블록(리 앤 투오이)
180220,
151728,"안소니 곤잘레스 (미구엘 목소리), 가엘 가르시아 베르날(헥터 목소리), 벤자민 브랫(에르네스토 델라 크루즈 목소리)"
10249,"찰리 채플린(공장 노동자), 파울레트 고다드(집 없는 아이)"
87307,"존 C. 라일리(랄프 목소리), 사라 실버맨(바넬로피 목소리), 잭 맥브레이어(펠릭스 목소리)"
12297,"홍경인(엄석대), 고정일(어린 한병태), 최민식(김 선생)"
169561,"박효신, 정재일"
11608,"줄리 앤드류스, 딕 반 다이크, 데이비드 톰린슨"
13500,"샘 닐(알란 그랜트 박사), 로라 던(엘리 새틀러 박사), 제프 골드브럼(이안 말콤 박사)"
39584,"제라르 쥐노(클레몽 마티유), 프랑수와 벨레앙(라신), 장 밥티스트 모니에(어린 모항주)"
31268,"할리 조엘 오스먼트(데이빗), 주드 로(지골로 조), 프란시스 오코너(모니카 스윈튼)"
14448,"장국영(두지), 공리(주샨), 장풍의(시투)"
10746,성룡(진가구)
10244,"케빈 코스트너(존 던바 중위, 늑대와 춤을)"
176354,"RM(본인), 진(본인), 슈가(본인)"
184517,"제이미 폭스(조 가드너 목소리), 티나 페이(22 목소리), 다비드 딕스(파울 목소리)"
178434,"이송(본인), 추상미(본인)"
10012,브루스 윌리스(존 맥클레인)
65021,"패튼 오스왈트(레미), 루 로마노(링귀니)"
31726,"전지현(그녀), 차태현(견우)"
28788,로빈 윌리엄스(앤드류 마틴)
18052,"시마모토 스미(나우시카 목소리), 츠지무라 마히토(질 목소리), 쿄다 히사코(오바바 목소리)"
31794,"일라이저 우드(프로도), 이안 맥켈런(간달프), 리브 타일러(아르웬)"
18817,"한석규(정원), 심은하(다림)"
183132,"이관희(본인), 오은주(본인), 이소연(본인)"
89752,"시에라 보게스(크리스틴), 라민 카림루(팬텀), 하들리 프레이저(라울)"
32112,"존 굿맨(설리 목소리), 빌리 크리스탈(마이크 목소리), 메리 깁스(부/매리 목소리)"
25266,"토니 골드윈(타잔 목소리), 미니 드라이버(제인 포터 목소리)"
167787,"김희애(문정숙 사장), 김해숙(배정길 할머니)"
16521,"조나단 테일러 토마스(어린 심바 목소리), 매튜 브로데릭(어른 심바 목소리), 제임스 얼 존스(왕 무파사 목소리)"
150376,"데이브 존스(다니엘), 헤일리 스콰이어(케이티)"
17869,"크리스찬 슬레이터(제임스 스탬필), 케빈 베이컨(헨리 영), 게리 올드만(밀튼 글렌)"
182525,"애슐리 브래처(애비 존슨), 브룩스 라이언(더그 존슨), 로비아 스캇(셰릴)"
70651,"샤룩 칸(리즈완 칸), 까졸(만디라 칸)"
10670,"장국영(영채신), 왕조현(섭소천)"
17111,"이연걸(보디가드, 허정양), 종려시(여교사, 양청아)"
11104,"이연걸(영호충), 임청하(동방불패)"
76309,"매들린 캐롤(줄리 베이커), 캘런 맥오리피(브라이스 로스키)"
51708,"김보성(장현우), 표도르 예멜리야넨코(표도르)"
30306,"이정재(성현), 전지현(은주)"
10021,실베스터 스탤론(록키 발보아)
16531,"공리(부귀의 아내), 갈우(부귀)"
183136,"이선(뽀로로 목소리), 이미자(크롱 목소리), 김현지(에디 목소리)"
146534,"최승호(본인), 김기춘(본인), 원세훈(본인)"
146504,"최수인(선), 설혜인(지아), 이서연(보라)"
16216,성룡(황비홍)
54900,"존 디콘(본인), 브라이언 메이(본인), 프레디 머큐리(본인)"
29571,"레자 나지(알리 부), 아미르 파로크 하스미얀(알리), 바하레 세디키(자흐라)"
15899,"이영애(소피 E 장 소령), 이병헌(이수혁 병장), 송강호(오경필 중사)"
192066,"주동우(첸니엔), 이양천새(샤오 베이)"
38613,"타카야마 미나미(에도가와 코난 목소리), 야마자키 와카나(모리 란 목소리)"
144100,"로랜드 몰러(칼 라스무센), 미켈 폴스라르(에베 옌슨), 루이스 호프만(세바스티안 슈만)"
125724,"엘리엇 한나(빌리 엘리어트), 루시에 헨쉘(Mrs. 윌킨슨), 데카 웜슬리(재키 엘리어트)"
196051,"하나에 나츠키(카마도 탄지로 목소리), 키토 아카리(카마도 네즈코 목소리)"
53951,"조 치숌, 맨디-래 크루이크생크"
79762,"배종옥(김인희), 김갑수(정철), 김지영(할머니)"
51083,"박희순(김원광), 고창석(박인기)"
68555,"주걸륜(상륜), 계륜미(샤오위), 황추생(샹륜 아버지)"
70251,마이클 잭슨(본인)
70773,정우(짱구)
58323,폴 워커(게리 셰퍼드)
19074,"에단 호크(빈센트 프리맨), 우마 서먼(아이린 카시니)"
17162,"멜 깁슨(윌리암 월레스), 소피 마르소(이사벨라 공주), 패트릭 맥구한(롱생크, 에드워드 1세)"
75413,"공유(강인호), 정유미(서유진)"
18781,"히다카 노리코(사츠키 목소리), 사카모토 치카(메이 목소리), 타카기 히토시(토토로 목소리)"
13967,클린트 이스트우드(The Good - 블론디)
10101,"그레고리 펙(조 브래들리), 오드리 헵번(앤 공주)"
194334,"권오중(본인), 이성혜(본인), 이용규(본인)"
109193,"제이 바루첼(히컵 목소리), 아메리카 페레라(아스트리드 목소리), 케이트 블란쳇(발카 목소리)"
31159,"니콜라스 케이지(잭 캠벨), 티아 레오니(케이트 레이놀즈)"
10028,"아놀드 슈왈제네거(터미네이터), 마이클 빈(카일 리즈), 린다 해밀턴(사라 코너)"
59075,"맷 데이먼(제이슨 본), 줄리아 스타일스(닉키 파슨스), 데이빗 스트라탄(노아 보슨)"
199860,"박정민(준경), 이성민(태윤), 윤아(라희)"
151752,"조슈 브롤린(에릭 마쉬), 마일즈 텔러(브렌든 맥도너), 제프 브리지스(두에인 스타인브링크)"
100654,"박철민(상구), 윤유선(정임), 김규리(난주)"
187051,"RM(본인), 진(본인), 슈가(본인)"
148338,"노지마 켄지(사죠 리히토), 카미야 히로시(쿠사카베 히카루), 이시카와 히데오(하라 마나부)"
10217,"피터 웰러(알렉스 J. 머피/로보캅), 낸시 알렌(앤 루이스), 댄 오헐리히(노인)"
10936,"조니 뎁(에드워드 시저핸즈), 위노나 라이더(킴), 다이앤 위스트(펙)"
41375,"러셀 크로우(짐 브래독), 르네 젤위거(매 브래독)"
27578,"톰 행크스(우디 보안관 목소리), 팀 알렌(버즈 라이트이어 목소리), 조안 쿠삭(제시 목소리)"
45774,"잭 에프론(트로이 볼튼), 바네사 허진스(가브리엘라 몬테즈), 애슐리 티스데일(샤페이 에반스)"
29059,"팀 로스(대니 부드만 T.D. 레몬 나인틴 헌드러드 1900), 프루이트 테일러 빈스(맥스 투니)"
185275,"크리스 히친(리키 터너), 데비 허니우드(애비 터너)"
36718,류 페이치
44529,"김래원(오태식), 김해숙(양덕자), 허이재(최희주)"
12393,우피 골드버그(들로리스)
83893,"이병헌(광해 / 하선), 류승룡(허균), 한효주(중전)"
172980,"토마스 갈라스타드(얀 볼스루드), 조나단 리스 마이어스(커트 스테이지)"
71509,"원빈(차태식), 김새론(소미)"
10105,"진 켈리(돈 락우드), 도널드 오코너(코스모 브라운), 데비 레이놀즈(케이시 셀든)"
167107,"이규호(본인), 김현빈(본인), 박혜영(본인)"
51462,"클린트 이스트우드(월트 코왈스키), 크리스토퍼 칼리(자노비치 신부), 비 방(타오 방 로어)"
34010,"러셀 크로우(존 내쉬), 에드 해리스(파처), 제니퍼 코넬리(알리시아 내쉬)"
71932,"김해숙(엄마), 박진희(지숙)"
13172,"페이지 오하라(벨 목소리), 로비 벤슨(야수 목소리)"
16218,"리온(데리스 배녹), 더그 E. 더그(상카 코피), 롤 D. 루이스(주니어 비빌)"
36798,"크레이그 T. 넬슨(밥 파 / Mr. 인크레더블 목소리), 홀리 헌터(헬렌 파 / 엘라스티 걸 목소리)"
84148,박나림(나레이션 목소리)
31788,톰 크루즈(프리크라임 팀장 존 앤더튼)
29953,"장쯔이(쟈오 디), 순홍레이(루오 유셍), 이빈(할머니)"
10020,"클라크 게이블(렛 버틀러), 비비안 리(스칼렛 오하라), 레슬리 하워드(애슐리 윌키스)"
30897,덴젤 워싱톤(허만 분 코치)
31170,"이베스 바사크, Francois Voisin"
12993,"장국영(탁일항), 임청하(마녀 연예상)"
130013,"조병만, 강계열"
52515,"레오나르도 디카프리오(코브), 와타나베 켄(사이토), 조셉 고든 레빗(아서)"
35100,"맷 데이먼, 제임스 크롬웰, 다니엘 스터디"
17903,"제프 다니엘스(토마스 톰 앨든), 안나 파킨(에이미 앨든)"
175727,"이지현(차탄 목소리), 김용준(아빠 / 스톰 목소리), 양정화(장군 / 엄마 / M라인 목소리)"
63403,"울리히 뮤흐(비즐러), 마르티나 게덱(크리스타), 세바스티안 코치(드라이만)"
39436,"조승우(윤초원), 김미숙(초원 엄마, 경숙)"
50672,"이범수(올림픽 동메달리스트 출신 역도 코치 이지봉, 일명 킹콩), 조안(박영자)"
205968,"박영남(짱구 목소리), 김환진(짱구 아빠 목소리), 강희선(짱구 엄마 목소리)"
164907,"클로이 모레츠(스노우 화이트 목소리), 샘 클라플린(멀린 목소리), 지나 거손(레지나 목소리)"
31148,"로버트 드 니로(레슬리 W. 빌리 선데이), 쿠바 구딩 쥬니어(칼 브레이셔), 샤를리즈 테론(그웬 선데이)"
24542,"브렌든 프레이저(리차드 릭 오코넬), 레이첼 와이즈(에블린 캐나헌 오코넬/네퍼티리 공주), 존 한나(조나단 캐나헌)"
79435,"니콜라스 케이지(그루그 목소리), 라이언 레이놀즈(가이 목소리), 엠마 스톤(이프 목소리)"
48602,"견자단(영춘권 고수, 엽문), 임달화(주청천), 슝다이린(엽문의 아내, 장영성)"
68502,"김연우(쿠 한국어 목소리), 전진아(코이치 한국어 목소리), 사문영(히토미/키쿠치 한국어 목소리)"
158191,"김윤석(박처장), 하정우(공안부장), 유해진(한병용)"
134841,"써니 파와르(어린 사루), 데브 파텔(사루), 니콜 키드먼(수)"
201073,"에밀리아 존스(루비 로시), 퍼디아 월시-필로(마일스), 트로이 코처(프랭크 로시)"
10185,"레너드 위팅(로미오), 올리비아 핫세(줄리엣), 존 맥에너리"
79749,"야마구치 캇페이(하트 목소리), 카토 세이시로(맛나 목소리)"
142305,"앤드류 가필드(데스몬드 T.도스), 샘 워싱턴(캡틴 글로버), 휴고 위빙(톰 도스)"
10314,"존 론(푸이), 조안 첸(완정), 피터 오툴(레지날드 존스톤)"
17486,"덴젤 워싱턴(Lt. Commander 론 헌터), 진 핵크만(Capt. 프랭크 램지)"
136990,"크레이그 T. 넬슨(밥 파 / Mr. 인크레더블 목소리), 사무엘 L. 잭슨(루이스 베스트 / 프로존 목소리), 홀리 헌터(헬렌 파 / 일라스티걸  목소리)"
10058,"찰톤 헤스톤(유다 벤허), 잭 호킨스(퀸투스 아리우스), 하야 하라릿(에스더)"
75216,"타카야마 미나미(에도가와 코난 목소리), 야마자키 와카나(모리 란 목소리), 야마구치 캇페이(쿠도 신이치 / 괴도 키드 목소리)"
68031,"양익준(용역 깡패, 상훈), 김꽃비(여고생, 연희), 이환(연희의 남동생, 영재)"
190395,"양정화(눈의 여왕 한국어 목소리), 박지윤(겔다 한국어 목소리), 임채헌(헤럴드 한국어 목소리)"
10173,"패트릭 스웨이지(샘 휘트), 데미 무어(몰리 젠슨)"
195687,"스기야마 노리아키(에미야 시로 목소리), 시타야 노리코(마토 사쿠라 목소리)"
10341,"찰리 채플린(독재자 힌켈/유태인 이발사 1인 2역), 파울레트 고다드(한나)"
144379,"더글러스 부스(아르망 룰랭), 시얼샤 로넌(마르그리트 가셰), 제롬 플린(닥터 가셰)"
18552,"존 트라볼타(숀 아처/캐스터 트로이), 니콜라스 케이지(캐스터 트로이/숀 아처)"
115298,"이호재, 이현학, 하승엽"
10003,"마이클 J. 폭스(마티 맥플라이/마티 맥플라이 주니어/마린느 맥플라이), 크리스토퍼 로이드(에메트 브라운 박사)"
11295,"스티븐 도프(P.K. 18세), 가이 위처(P.K. 7세), 시몬 펜톤(P.K. 12세)"
181286,
18610,"조디 포스터(엘리 애로웨이), 매튜 맥커너히(팔머 조스)"
32116,"앨버트 브룩스(말린 목소리), 엘런 드제너러스(도리 목소리), 알렉산더 굴드(니모 목소리)"
11003,"유덕화(아화), 오천련(죠죠)"
10046,"스티브 맥퀸(바삐용), 더스틴 호프만(드가)"
142304,"이윤혁(본인), 이장훈(본인), 윤학병(본인)"
172780,"윌 스미스(랜스 목소리), 톰 홀랜드(월터 목소리)"
34522,"레오나르도 디카프리오(프랭크), 톰 행크스(칼)"
10018,"헨리 토마스(엘리어트), 디 월리스(매리), 피터 코요테(케이스)"
17440,"로빈 윌리엄스(앨런 패리시), 커스틴 던스트(주디 셔퍼드), 데이빗 알란 그리어(칼 벤틀리)"
28677,"톰 행크스(폴), 데이빗 모스(브루터스 브루탈 하우웰), 보니 헌트(잔)"
10600,톰 행크스(조쉬)
16217,"알 파치노(칼리토), 숀 펜(부패 변호사 데이브), 페네로프 앤 밀러(게일)"
190244,"프랑수아 시빌(라파엘), 조세핀 자피(올리비아)"
151106,"노엘 갤러거(본인), 리암 갤러거(본인)"
36666,"장동건(이진태), 원빈(이진석), 이은주(영신)"
38091,"애쉬튼 커쳐(에반), 에이미 스마트(케일 밀러), 에릭 스톨츠(케일의 아버지)"
139613,"롤프 라스가드(오베), 바하르 파르스(파르바네), 필립 버그(젊은 오베)"
47152,"리암 니슨(브라이언 밀스), 매기 그레이스(킴)"
140711,"산페이 유코(우즈마키 보루토 목소리), 키쿠치 코코로(우치하 사라다 목소리), 타케우치 준코(우즈마키 나루토 목소리)"
154379,루크 트레더웨이(제임스 보웬)
10072,"알 파치노(돈 마이클 코르레오네), 로버트 듀발(톰 하겐), 다이안 키튼(케이 코르레오네)"
10061,아놀드 슈왈제네거(Major 앨런 더치 쉐퍼)
38227,"아담 샌들러(헨리 로스), 드류 베리모어(루시 윗모어)"
10647,"주겐 프로크노(U-96 함장), 클라우스 웨네먼(U-96 기관장), 허버트 그로네메이어(베르너 중위, 종군기자)"
10047,"폴 뉴먼(헨리 곤도프, 일명 쇼), 로버트 레드포드(자니 후커, 일명 켈리), 로버트 쇼(도일 론겐)"
171725,"샤메익 무어(마일스 모랄레스/스파이더맨 목소리), 헤일리 스테인펠드(스파이더 그웬 목소리), 니콜라스 케이지(스파이더맨 누아르 목소리)"
18542,"주성치(지존보), 오맹달(이당가)"
187322,엠마 스톤(크루엘라)
154437,"샐리 호킨스(모드 루이스), 에단 호크(에버렛 루이스)"
37486,잭 블랙(듀이 핀)
58088,"박중훈(88년 가수왕, 최곤), 안성기(최곤의 매니저, 박민수)"
172174,"릴리 프랭키(오사무 시바타), 안도 사쿠라(노부요 시바타), 마츠오카 마유(아키 시바타)"
57723,"조승우(고니), 김혜수(정 마담), 백윤식(평경장)"
143469,"크리스 에반스(프랭크), 맥케나 그레이스(메리), 린제이 던칸(에블린)"
51143,"차태현(남현수), 박보영(황정남 / 황제인), 왕석현(황기동)"
63513,"나카 리이사(코노 마코토 목소리), 이시다 타쿠야(마미야 치아키 목소리)"
10561,"알 파치노(돈 마이클 코르레오네), 다이안 키튼(케이 아담스 미첼슨), 탈리아 샤이어(코니 코르레오네-리지)"
19335,"장국영(보영), 양조위(아휘), 장첸(장)"
11002,"찰톤 헤스톤(조지 테일러), 로디 맥도웰(코넬리우스 박사), 킴 헌터(지라)"
134772,"김영옥(종분), 김향기(소녀 종분), 김새론(영애)"
22082,
32610,"설경구(강철중), 이성재(조규환)"
168050,"브래들리 쿠퍼(잭슨), 레이디 가가(앨리)"
19469,"사무엘 L. 잭슨(데니 로맨), 케빈 스페이시(크리스 사비언)"
152160,"카키하라 테츠야(미하마 코우지 목소리), 마에노 토모아키(하야미 히로 목소리), 마스다 토시키(니시다 카즈키 목소리)"
160135,"하정우(내레이션), 윤안나(서서평 선교사), 안은새"
138877,아리무라 카스미(쿠도 사야카)
75378,"이제훈(기태), 서준영(동윤), 박정민(희준)"
10110,"적룡(송자호), 주윤발(소마/마크), 장국영(송아걸)"
10688,잭 니콜슨(랜들 패트릭 맥머피)
10669,"린 어벌조노이스(루이스 목소리), 버디 해킷(스커틀 목소리), 크리스토퍼 다니엘 반즈(에릭 왕자 목소리)"
92075,"도널 글리슨(팀), 레이첼 맥아담스(메리)"
24194,
31827,존 카메론 미첼(헤드윅 로빈슨/한셀)
169349,"이선(뽀로로 목소리), 이미자(크롱 목소리), 함수정(에디 목소리)"
130849,"아우이 크라발호(모아나 목소리), 드웨인 존슨(마우이 목소리), 레이첼 하우스(탈라 할머니 목소리)"
180361,
10039,"찰리 쉰(Pvt. 크리스 테일러), 톰 베린저(SSgt. 밥 반스), 윌렘 대포(Sgt. 일라이어스 그로딘)"
63156,"안젤리나 졸리(크리스틴 콜린스), 존 말코비치(구스타브 브리그랩)"
18934,"마라 윌슨(마틸다 웜우드), 대니 드비토(해리 웜우드/나레이터), 레아 펄만(지니아 웜우드)"
34093,"설경구(홍종두), 문소리(한공주)"
39857,사무엘 L. 잭슨(코치 켄 카터)
12324,"톰 크루즈(다니엘 캐피 중위), 잭 니콜슨(나단 R. 제섭 대령), 데미 무어(조안느 겔로웨이 소령)"
13957,"빌 머레이(필 코너), 앤디 맥도웰(리타)"
17942,톰 크루즈(제리 맥과이어)
158578,"오노 다이스케(세바스찬 미카엘리스 목소리), 사카모토 마아야(시엘 팬텀하이브 목소리)"
201898,"진구(재식), 정서연(은혜)"
62329,"카세 료(카네코 텟페이), 세토 아사카(스도 리코), 야마모토 코지(사이토 타츠오)"
145736,"시마자키 노부나가(나나세 하루카 목소리), 스즈키 타츠히사(타치바나 마코토 목소리), 토요나가 토시유키(시이나 아사히 목소리)"
173692,"제임스 폴크너(바울), 제임스 카비젤(누가)"
85825,"조 허란(로레 / 미카엘), 말론 레바나(잔)"
10740,케빈 코스트너(짐 게리슨)
17796,"필립 느와레(네루다), 마시모 트로이시(마리오)"
66801,마이클 무어(본인 / 진행자)
19527,"산드라 블록, 레이프 파인즈, 대니 글로버"
10071,"말론 브란도(돈 비토 코를레오네), 알 파치노(마이클 코를레오네), 제임스 칸(산티노 소니 코를레오네)"
169348,
17131,짐 캐리(스탠리 입키스)
87308,"크리스 파인(잭 프로스트 목소리), 알렉 볼드윈(놀스 목소리), 주드 로(피치 목소리)"
135843,"강하나(정민), 최리(은경), 손숙(영옥(영희))"
13042,"해리슨 포드(리차드 킴블 박사), 토미 리 존스(사무엘 제라드)"
181717,"박금분(본인), 곽두조(본인), 강금연(본인)"
10980,"커트 러셀(스티븐 불 맥카프리/데니스 맥카프리), 윌리엄 볼드윈(브라이언 맥카프리), 로버트 드 니로(도날드 샤도우 림게일)"
13234,"톰 크루즈(조셉 도넬리), 니콜 키드먼(샤론 크리스티)"
180372,"김서영(트리케라 목소리), 엄상현(티라노 목소리), 안현서(나용찬 목소리)"
64128,오만석(나레이션 목소리)
24008,"혼나 요코(시즈쿠 목소리), 타카하시 잇세이(세이지 목소리)"
16487,"조니 뎁(길버트 그레이프), 줄리엣 루이스(벡키)"
67696,"다코타 패닝(코렐라인 존스 목소리), 테리 해처(코렐라인의 엄마 목소리)"
19521,"윌 스미스(로버트 클레이턴 딘), 진 핵크만(에드워드 브릴 라일)"
17685,"워렌 비티(마이크 갬브릴), 아네트 베닝(테리 맥케이)"
194463,"김향기(아영), 류현경(영채), 염혜란(미자)"
31110,"케빈 스페이시(유진 시모넷), 헬렌 헌트(알린 맥키니), 헤일리 조엘 오스먼트(트레버 맥킨니)"
10448,"주디 갈랜드(도로시 게일), 프랭크 모건(오즈의 마법사/ 마벨 교수), 레이 볼거(허수아비/ 헝크)"
143495,"톰 행크스(체슬리 설리 설렌버거 ), 로라 리니(로리 설렌버거), 아론 에크하트(제프 스카일스)"
16998,"더스틴 호프만(후크 선장), 로빈 윌리엄스(피터 배닝), 줄리아 로버츠(팅커벨)"
187308,"스칼릿 조핸슨(로지), 로만 그리핀 데이비스(조조), 타이카 와이티티(상상 속 친구 '히틀러')"
161242,"마동석(마석도), 윤계상(장첸)"
62265,"레오나르도 디카프리오(대니 아처), 제니퍼 코넬리(매디 보웬), 디몬 하운수(솔로몬 밴디)"
65463,"정진영(기영), 김윤석(성욱), 김상호(혁수)"
26333,"야쿠쇼 코지(스기야마 쇼헤이), 쿠사카리 타미요(키시카와 마이)"
94594,"김진구(범골댁), 신채연(동이)"
17997,"여명(소군), 장만옥(이요)"
167699,"유해진(김판수), 윤계상(류정환)"
10440,"성룡(황비홍), 황정리(청부살인업자, 번개다리 염철심), 원소전(팔선 취권의 창시자, 소화자)"
47385,"하정우(밥/차헌태), 성동일(방 코치), 김지석(강칠구)"
71987,"샤니 빈슨(나탈리), 릭 말람브리(루크), 애덤 G. 세바니(무스)"
137358,"사만다 푸터먼, 아나이스 보르디에"
46985,"이병헌(윤석영), 수애(서정인)"
58333,나카타니 미키(카와지리 마츠코)
47986,"치넨 유리(코타로 목소리), 나가세 토모야(이름없는 무사/나나시 목소리), 오츠카 아키오(이타도리 쇼겐 목소리)"
82219,"소지섭(철민), 한효주(정화)"
58437,아담 샌들러(마이클 뉴먼)
16503,"키아누 리브스(잭 트래븐), 데니스 호퍼(하워드 페인), 산드라 블록(애니 포터)"
146489,"벤 위쇼(패딩턴 목소리), 휴 그랜트(피닉스 뷰캐넌), 샐리 호킨스(매리 브라운)"
66724,"야지마 아키코(신노스케 목소리), 나라하시 미키(미사에 목소리 ), 후지와라 케이지(히로시 목소리 )"
32115,"로스코 리 브라운(미스터 애로우 목소리), 코리 버튼(오너스 목소리), 데인 A. 데이비스(모프 목소리)"
31422,"이얼(성우), 박원상(정석), 황정민(강수)"
19031,나카야마 미호(후지이 이츠키/와타나베 히로코)
100931,"크리스틴 벨(안나 목소리), 이디나 멘젤(엘사 목소리)"
93005,"미야자키 아오이(하나 목소리), 오오사와 타카오(그(늑대인간) 목소리), 쿠로키 하루(유키 목소리)"
154222,"톰 크루즈(에단 헌트), 헨리 카빌(어거스트 워커), 사이먼 페그(벤지 던)"
120788,"야지마 아키코(노하라 신노스케), 나라하시 미키(노하라 미사에), 후지와라 케이지(노하라 히로시)"
17254,"톰 크루즈(레스타트 드 라이온카운트), 브래드 피트(루이스 드 포인트 두 락), 안토니오 반데라스(아맨드)"
16091,"다니엘 데이 루이스(게리 콘론), 피트 포스틀스웨이트(조세프 콘론), 엠마 톰슨(가레스 페어스)"
17327,"알 파치노(빈센트 한나), 로버트 드 니로(닐 맥컬리)"
31801,"유지태(상우), 이영애(은수)"
113132,"에디 마산(존 메이), 조앤 프로갓(켈리 스토크)"
88473,최수종(故김우수)
56083,"엄정화(김지수), 신의재(윤경민), 박용우(심광호)"
123688,"소메타니 쇼타(히라노 유키), 나가사와 마사미(이시이 나오키), 이토 히데아키(이다 요키)"
37888,"정재영(동치성), 이나영(한이연)"
180379,"박희순(점박이 목소리), 라미란(송곳니 목소리), 김성균(싸이 목소리)"
189000,"다니엘 크레이그(브누아 블랑), 크리스 에반스(랜섬), 아나 디 아르마스(마르타)"
18871,"틸 슈바이거(마틴), 잔 조세프 리퍼스(루디)"
76016,"유호정(나미), 심은경(어린 나미), 강소라(어린 춘화)"
38444,"짐 캐리(조엘), 케이트 윈슬렛(클레멘타인), 커스틴 던스트(매리)"
10004,"마이클 J. 폭스(마티 맥플라이/셔머스 맥플라이), 크리스토퍼 로이드(에멧 브라운 박사), 메리 스틴버겐(클라라 클레이튼)"
18531,멕 라이언(아나스타샤 목소리)
109905,"빈 디젤(도미닉 토레토), 폴 워커(브라이언 오코너), 드웨인 존슨(루크 홉스)"
150687,"게리 올드만(윈스턴 처칠), 크리스틴 스콧 토마스(클레멘타인 처칠), 릴리 제임스(엘리자베스 레이튼)"
162824,"주진우(본인), 조미래(본인), 정재호(본인)"
10037,"톰 스커릿(델라스), 시고니 위버(리플리), 베로니카 캣라이트(램버트)"
33410,조쉬 하트넷(SSgt. 맷 에버스만)
10282,"윌 휘튼(고디 라찬스), 리버 피닉스(크리스 챔버스), 코리 펠드만(테디 듀챔프)"
36565,"양조위(진영인), 유덕화(유건명)"
164290,"남도형(미하마 코우지 한국어 목소리), 엄상현(하야미 히로 한국어 목소리), 이원찬(니시나 카즈키 / 히무로 히지리 한국어 목소리)"
45290,"매튜 맥커너히(쿠퍼), 앤 해서웨이(브랜드), 마이클 케인(브랜드 교수)"
184518,"켈리 마리 트란(라야 목소리), 아콰피나(시수 목소리), 산드라 오(비라나 목소리)"
109911,"다니엘 헤니(테디 아르마다 목소리), 라이언 포터(히로 아르마다 목소리), 스콧 애짓(베이맥스 목소리)"
10050,"안소니 퍼킨스(노먼 베이츠), 베라 마일즈(릴라 크레인), 존 게빈(샘 루미스)"
180687,"노자와 마사코(손오공 목소리), 호리카와 료(베지터 목소리), 나카오 류세이(프리저 목소리)"
30301,"이완 맥그리거(오비완 케노비), 나탈리 포트만(아미달라 의원/패드미 나베리-스카이워커), 헤이든 크리스텐슨(아나킨 스카이워커/다스 베이더)"
39640,"바이쇼 치에코(소피), 기무라 타쿠야(하울)"
34497,"하루카와 마스미(오키치), 이가와 히사시(마에카와), 이시쿠라 사부로(마치다)"
37880,"제이슨 아이삭스(후크 선장/다링 씨), 제레미 섬터(피터 팬), 레이첼 허드-우드(웬디)"
19128,"밍나 웬(뮬란 목소리), 레아 살롱가(뮬란 노래 목소리), B.D. 웡(샹 목소리)"
11502,"클린트 이스트우드(윌리엄 빌 머니), 진 핵크만(리틀 빌 대겟), 모건 프리먼(네드 로건)"
177374,"정우성(순호), 김향기(지우)"
53158,"송윤아(엄마, 서고운), 김향기(딸, 장소라)"
18173,"니콜라스 케이지(카메론 포), 존 쿠삭(빈스 라킨), 존 말코비치(사이러스)"
24830,"줄리아 로버츠(애나 스콧), 휴 그랜트(윌리엄 태커)"
19068,
155356,"한지민(백상아), 김시아(김지은), 이희준(장섭)"
24668,"줄리아 오몬드(제인 칼라한), 리처드 해리스(더글러스 맥크라큰), 올렉 멘시코브(안드레이 톨스토이)"
44111,"하정우(유태정), 서장원(이승영)"
17970,"제프리 러쉬(데이빗 헬프갓), 노아 테일러(청년 데이빗 헬프갓)"
10609,"미후네 도시로, 시무라 다케시"
14152,실베스터 스탤론(게이브 월커)
210807,"산드라 블록, 빈센트 도노프리오, 존 번탈"
125417,"마이클 패스벤더(톰), 알리시아 비칸데르(이자벨), 레이첼 와이즈(한나)"
10181,이소룡(첸)
68695,"김윤석(전직 형사, 엄중호), 하정우(연쇄살인범, 지영민)"
69102,"잭 니콜슨(에드워드 콜), 모건 프리먼(카터 챔버스)"
156185,"오노 켄쇼, 오노 유우키, 사이토 치와"
164104,"여경주(본인), 김보람(본인), 심이안(본인)"
31475,"최민식(강재), 장백지(파이란)"
165461,"이명박(본인), 김재철(본인), 김장겸(본인)"
24094,로빈 윌리엄스(헌터 패치 아담스)
10113,"주윤발(아쏭), 이수현(리 경위), 엽천문(제니)"
14802,"조아킴 크롤(자보), 스테파노 디오니시(안드라스), 벤 벡커(한스)"
133402,"아미르 칸(피케이), 산제이 더트(바이런 싱), 아누쉬카 샤르마(자갓 자나니 / 자구)"
16172,우피 골드버그(들로리스)
39813,"돈 치들(폴 루세사바기나), 소피 오코네도(타티아나 루세사바기나), 호아킨 피닉스(잭 대글리쉬)"
10006,"마크 해밀(루크 스카이워커), 해리슨 포드(한 솔로), 캐리 피셔(레이아 공주)"
10019,"폴 뉴먼(부치 캐시디), 로버트 레드포드(더 선댄스 키드), 캐서린 로스(엣타 플레이스)"
129802,"세이모어 번스타인(본인), 에단 호크(본인)"
11307,"케빈 코스트너(프랭크 파머), 휘트니 휴스턴(레이첼 마론)"
29102,줄리아 로버츠(에린 브로코비치)
39654,"전도연(전은하), 황정민(김석중), 나문희(석중 어머니)"
115622,"에이미 포엘러(조이/기쁨 목소리), 필리스 스미스(슬픔/새드니스 목소리), 민디 캘링(까칠/디스거스트 목소리)"
27245,
16868,"댄 애크로이드(해리), 제이미 리 커티스(쉘리), 맥컬리 컬킨(토마스)"
39809,"클린트 이스트우드(프랭키 던), 힐러리 스웽크(매기 피츠제랄드), 모건 프리먼(에디 스크랩-아이언 듀프리스)"
62266,"샘 워싱턴(제이크 설리), 조 샐다나(네이티리), 시고니 위버(그레이스 박사)"
117787,휴 잭맨(로건/울버린)
16601,"마리안느 세이지브레트(야스민), CCH 파운더(브렌다)"
202381,송가인(본인)
54973,"오가타 메구미(이카리 신지), 하야시바라 메구미(아야나미 레이), 미야무라 유코(아스카)"
174626,로건 마샬 그린(그레이 트레이스)
39440,"제니퍼 러브 휴잇(사만다), 폴 니콜스(이안)"
17265,"이연걸(진진), 전소호"
37148,"조니 뎁(잭 스패로우), 제프리 러쉬(바르보사)"
184403,"블라디미르 마쉬코프(블라디미르), 키릴 자이체프(세르게이 벨로프), 이반 코레스니코프(알렉산더 벨로프)"
10630,톰 크루즈(론 코빅)
70910,"박중훈(동철), 정유미(세진)"
180169,"이동휘(정엽), 유선(지숙), 최명빈(다빈)"
36992,"존 쿠삭(에드), 레이 리오타(로디스), 아만다 피트(파리스)"
122131,"캐리 멀리건(모드 와츠), 메릴 스트립(에멀린 팽크허스트), 로몰라 가레이(앨리스)"
85094,"타카야마 미나미(에도가와 코난), 야마자키 와카나(모리 란)"
10022,실베스터 스탤론(록키 발보아)
18865,브래드 피트(하인리히 하러)
53881,"리차드 기어(파커 윌슨), 사라 로머(앤디 윌슨), 조안 알렌(케이트 윌슨)"
17260,"산드라 블록(루시), 빌 풀만(잭)"
38899,"라이언 고슬링(노아), 레이첼 맥아담스(앨리)"
25906,브루스 윌리스(말콤 크로우)
68567,"라니 무케르지(미셀 맥날리), 아미타브 밧찬(데브라이 사하이)"
19517,"브래드 피트(조 블랙), 안소니 홉킨스(윌리엄 패리쉬), 클레어 포라니(수잔 패리쉬)"
153621,세르게이 폴루닌(본인)
14012,"마이클 키튼(배트맨/브루스 웨인), 대니 드비토(펭귄/오스왈드 코블폿), 미셸 파이퍼(캣우먼/셀리나 카일)"
185282,"아델 에넬(엘로이즈), 노에미 메를랑(마리안느), 루아나 바야미(소피)"
13480,"에단 호크(난도 파라도), 빈센트 스파노(안토니오 발디), 조쉬 해밀톤(로버토 카네사)"
76460,"휴 잭맨(찰리 켄튼), 에반젤린 릴리(베일리  ), 다코타 고요(맥스 켄튼)"
60753,"김윤진(변호사 유지연), 김미숙(심리학과 교수 한숙희), 박희순(형사 김성열)"
45264,"밀리 아비탈(미리), 바오치 첸(누들)"
10040,"숀 애스틴(미키 월쉬), 조슈 브롤린(브랜드 월쉬), 제프 코엔(로렌스 청크 코엔)"
10035,해리슨 포드(인디아나 존스)
17092,"브루스 윌리스(존 맥클레인), 제레미 아이언스(사이몬 그루버)"
36858,"짐 캐리(브루스 놀란), 모건 프리먼(신), 제니퍼 애니스톤(그레이스 코넬리)"
129781,인피니트
19147,"브루스 윌리스(해리 스탬퍼), 빌리 밥 손튼(댄 트루만), 벤 애플렉(A.J. 프로스트)"
26677,마틴 로렌스(마일즈 로건)
37759,"김석(백여민), 이세영(장우림), 나아현(오금복)"
56414,"다이앤 크루거(안나 소렌슨), 벤노 퓨어만(니콜라스 슈프링크)"
165022,"데브 파텔(아르준), 아미 해머(데이빗), 나자닌 보니아디(자흐라)"
62263,"애쉬튼 커처(제이크 피셔), 케빈 코스트너(벤 랜달)"
192623,"키이라 나이틀리(샐리 알렉산더), 제시 버클리(조 로빈슨 ), 구구 바샤-로(제니퍼 호스텐)"
173019,"타카야마 미나미(에도가와 코난 일본어 목소리), 야마자키 와카나(모리 란 일본어 목소리), 코야마 리키야(모리 코고로 일본어 목소리)"
129764,"권오중, 성유리(내레이션), 옥한흠"
26112,"주윤발(고진 / 초콜릿), 유덕화(도자이), 장민(쟈넷)"
53034,"김윤진(홍정혜), 나문희(김문옥), 강예원(강유미)"
83213,"엠마 왓슨(샘), 로건 레먼(찰리), 에즈라 밀러(패트릭)"
36944,"최민식(오대수), 유지태(이우진), 강혜정(미도)"
18827,
39894,"감우성(광대, 장생), 정진영(왕, 연산), 강성연(장녹수)"
39434,제이미 폭스(레이 찰스)
30076,"주드 로(인만), 니콜 키드먼(아이다 먼로), 르네 젤위거(루비)"
50724,"모토키 마사히로(다이고), 히로스에 료코(미카), 야마자키 츠토무(이쿠에이)"
147001,"이병헌(안상구), 조승우(우장훈), 백윤식(이강희)"
31882,"니콜 키드먼(샤틴), 이완 맥그리거(크리스티앙)"
17524,게리 올드만(루드윅 반 베토벤)
140653,"김하연(본인), 박선미(본인), 장혁진(본인)"
107992,"엠마 스톤(이프 목소리), 라이언 레이놀즈(가이 목소리), 켈리 마리 트란(던 목소리)"
97696,"톰 행크스(리차드 필립스), 바크하드 압디(무세), 바크하드 압디라만(빌라이)"
76347,"제임스 맥어보이(찰스 자비에), 마이클 패스벤더(에릭 렌셔 / 매그네토), 케빈 베이컨(세바스찬 쇼우)"
47321,"카드 므라드(필립), 대니 분(앙투완)"
97826,"라이언 레이놀즈(터보 목소리), 폴 지아마티(체트 목소리), 마이클 페나(티토 목소리)"
47411,"존 트라볼타(볼트 목소리), 마일리 사이러스(페니 목소리), 수지 에스먼(미튼스 목소리)"
96379,"키이라 나이틀리(그레타), 마크 러팔로(댄), 애덤 리바인(데이브)"
11141,"장이머우(몽천방), 공리(한동아/주리리), 우영광(백운비)"
10034,"해리슨 포드(인디아나 존스), 케이트 캡쇼(윌헬미나 윌리 스콧)"
172006,
37398,"마이클 케인(가스), 로버트 듀발(헙), 헤일리 조엘 오스먼트(월터)"
177335,타샤 튜더(본인)
187351,"톰 홀랜드(이안 라이트풋 목소리), 크리스 프랫(발리 라이트풋 목소리), 줄리아 루이스 드레이퍼스(로렐 라이트풋 목소리)"
91101,"말릭 벤젤룰(본인), 로드리게즈(본인)"
103331,"미셸 윌리엄스(루실 안젤리어), 마티아스 쇼에나에츠(브루노 본 포크), 크리스틴 스콧 토마스(마담 안젤리어)"
16208,"케빈 코스트너(로버트 버치 헤인스), 클린트 이스트우드(레드 가넷), 로라 던(샐리 거버)"
46494,"차인표(김용수), 신명철(김준)"
10828,심형래(영구)
146469,"송강호(김만섭), 토마스 크레취만(위르겐 힌츠페터(피터)), 유해진(황태술)"
10064,"찰톤 헤스톤(모세), 율 브린너(람세스), 앤 백스터(네프레티리 공주)"
33755,"케빈 스페이시(프롯), 제프 브리지스(닥터 마크 포웰)"
75508,"맷 데이먼(나레이터), 윌리엄 액크먼(본인)"
31778,"조셉 파인즈(다닐로프), 주드 로(바실리 자이체프)"
43208,"나탈리 포트만(에비 해몬드), 휴고 위빙(V)"
200896,"아리무라 카스미(키누), 스다 마사키(무기), 키요하라 카야"
74205,"스기타 토모카즈(쿈 목소리), 치하라 미노리(나가토 유키 목소리)"
37929,"이범수(투수 감사용), 윤진서(박은아), 류승수(투수 인호봉)"
10504,"조디 포스터(클라리스 스털링), 안소니 홉킨스(한니발 렉터 박사), 스콧 글렌(잭 크로포드)"
96372,"크리스 헴스워스(제임스 헌트), 다니엘 브륄(니키 라우다), 올리비아 와일드(수지 밀러)"
179694,키키 키린(내레이션)
154653,"샤를리즈 테론(마를로), 맥켄지 데이비스(툴리)"
183772,"박영남(짱구 목소리), 김환진(짱구 아빠 목소리), 강희선(짱구 엄마 목소리)"
146560,"페리다 월시-필로(코너), 루시 보인턴(라피나), 잭 레이너(브렌든)"
71760,"펑위옌(티엔커), 진의함(양양), 천옌시(샤오펑)"
72054,"크리스찬 베일(브루스 웨인 / 배트맨), 마이클 케인(알프레드), 게리 올드만(짐 고든)"
101966,"톰 행크스(우디 목소리), 팀 알렌(버즈 라이트이어 목소리), 애니 파츠(보 핍 목소리)"
178097,"얄리차 아파리시오(클레오), 마리나 데 타비라(소피아)"
182699,"문영동(김강호), 김소민(이소정), 김려원(김효심)"
27899,"임현제, 장백지, 소영강"
29756,"김하늘(윤소은), 유지태(지인)"
83883,"이용한(나레이션), 윤기형(나레이션), 길고양이들"
202903,"제이콥 트렘블레이(루카 목소리), 잭 딜런 그레이저(알베르토 목소리), 엠마 버만(줄리아 목소리)"
62262,"잭 블랙(팬더곰, 포 목소리), 더스틴 호프만(렛서팬더/사부, 시푸 목소리), 성룡(원숭이, 몽키 목소리)"
31231,"모니카 벨루치(말레나), 주세페 술파로(레나토만)"
10489,"제임스 칸(폴 쉘던), 케시 베이츠(애니 윌킨스)"
92069,"마크 월버그(마커스 러트렐), 테일러 키취(마이클 머피), 벤 포스터(매튜 액슬슨)"
143357,"량예팅(홍시아), 왕쯔이(한총)"
102272,"김무열(윤영하), 진구(한상국), 이현우(박동혁)"
37936,"이완 맥그리거(청년 에드워드 블룸), 알버트 피니(노년 에드워드 블룸), 빌리 크루덥(윌 블룸)"
188056,"스칼릿 조핸슨(니콜), 아담 드라이버(찰리)"
17521,"스테파노 디오니시, 엔리코 로 베르소, 엘자 질버스테인"
95767,"램버트 윌슨(어네스트 목소리), 포레스트 휘태커(어네스트 목소리), 맥켄지 포이(셀레스틴 목소리)"
102875,"황정민(덕수), 김윤진(영자), 오달수(달구)"
141675,"채민지(도라에몽 목소리), 김정아(진구 목소리), 최낙윤(퉁퉁이 목소리)"
10751,"브룩 쉴즈(에믈린), 크리스토퍼 앳킨스(리차드)"
52528,"카메론 디아즈(사라 피츠제럴드), 아비게일 브레스린(안나 피츠제럴드), 알렉 볼드윈(변호사, 캠벨 알렉산더)"
10242,"패트릭 스웨이지(자니 캐슬), 제니퍼 그레이(프란시스 베이비 하우스먼), 제리 오바치(닥터 제이크 하우스먼)"
10262,"수잔 서랜든(루이스), 지나 데이비스(델마)"
86381,"벤 스틸러(알렉스 목소리), 데이빗 쉼머(멜먼 목소리), 제이다 핀켓 스미스(글로리아 목소리)"
10970,로버트 드 니로(누들스)
88669,"가진동(커징텅), 천옌시(션자이)"
98403,"타나카 마유미, 나카이 카즈야, 오카무라 아케미"
109778,"이선균(고건수), 조진웅(박창민)"
174659,휘트니 휴스턴(본인)
27219,"설경구(김영호), 문소리(윤순임), 김여진(양홍자)"
115977,"황정민(서도철), 유아인(조태오), 유해진(최상무)"
52504,"타카야마 미나미(코난 목소리), 야마자키 와카나(모리 란 목소리), 카미야 아키라(모리 코고로 목소리)"
136876,"태런 에저튼(에디), 휴 잭맨(브론슨 피어리), 크리스토퍼 월켄(워렌 샤프)"
144083,"스즈키 료헤이(타케오), 나가노 메이(린코), 사카구치 켄타로(스나카와)"
155963,"무라세 아유무(히나타 쇼요 목소리), 이시카와 카이토(카게야마 토비오 목소리), 히노 사토시(사와무라 다이치 목소리 역)"
191920,"안소니 홉킨스(안소니), 올리비아 콜맨(앤)"
130989,"브리 라슨(조이), 제이콥 트렘블레이(잭), 조안 알렌(낸시)"
137865,"펠리시티 존스(루스 베이더 긴즈버그), 아미 해머(마틴 긴즈버그)"
112040,"이레(지소), 이지원(채랑), 홍은택(지석)"
66158,"프레디 하이모어(어거스트 러쉬/에반 테일러)), 조나단 리스 마이어스(루이스 코넬리), 케리 러셀(라일라 노바첵)"
39810,"하비에르 바르뎀(라몬 삼페드로), 벨렌 루에다(줄리아)"
120076,"은정(꼬마강림 목소리), 박성태(강림도령 목소리), 정재헌(사라도령 목소리)"
181912,"헤일리 루 리차드슨(스텔라), 콜 스프로즈(윌)"
21162,"이미림(통키), 문성복(맹태)"
18050,"타카야마 미나미(키키/우슐라 목소리), 사쿠마 레이(고양이 지지 목소리)"
156912,"주동우(안생), 마사순(칠월), 이정빈(가명)"
101901,"송강호(송우석), 김영애(최순애), 오달수(박동호)"
107924,"심은경(오두리), 나문희(오말순), 박인환(박씨)"
53441,"토니 콜렛(메리 데이지 딘클 목소리), 필립 세이모어 호프만(맥스 제리 호로비츠 목소리)"
168693,"이효제(장준호), 허준석(강원재), 임태풍(장성호)"
118917,"앤 해서웨이(줄스 오스틴), 로버트 드 니로(벤 휘태커)"
191597,"알렉 볼드윈(보스 베이비 테드 목소리), 제임스 마스던(팀), 에이미 세다리스(티나)"
10005,"마크 해밀(루크 스카이워커), 해리슨 포드(한 솔로), 캐리 피셔(레이아 공주)"
44020,"쿠노 벡커(산티아고 무네즈), 스테펀 딜런(글렌 포이), 알렉산드로 니볼라(게빈 해리스)"
31906,"해리슨 포드(알렉세이 보스트리코브), 리암 니슨(미하일 폴레닌)"
38464,"츠마부키 사토시(츠네오), 이케와키 치즈루(조제/쿠미코), 아라이 히로후미(코지)"
149511,"G-DRAGON(본인), 태양(본인), T.O.P(본인)"
17626,톰 크루즈(이단 헌트)
93749,"박영서(우동빈), 송유하(홍종익), 박진주(한우리)"
121788,"이병헌(안상구), 조승우(우장훈), 백윤식(이강희)"
70427,"멜라니 그리피스(스노우 목소리), 이사벨 퍼만(해칠링 셀리 목소리), 유리 로웬탈(새미 목소리)"
18682,
146512,"유지태(철종), 이정현(희진), 이다윗(영훈)"
100930,"저스틴 롱(파치 영어목소리), 찰리 로우(목소리), 앵거리 라이스(제이드 영어목소리)"
88793,"정기용, 승효상, 유걸"
82428,"제이크 질렌할(콜터 스티븐스), 미셸 모나한(크리스티나 워렌)"
34362,"차태현(지환), 이은주(경희), 손예진(수인)"
26679,"케빈 스페이시(레스터 번햄), 아네트 베닝(캐롤린 번햄), 도라 버치(제인 번햄)"
11572,"왕조현(소탁), 양조위(십방), 장학우(연적하)"
65998,"글렌 핸사드(남자), 마르게타 이글로바(소녀)"
18488,커트 러셀(제프리 제프 테일러)
68563,"줄리 앤드류스(나레이터 목소리), 에이미 아담스(지젤), 패트릭 뎀시(로버트 필립)"
34566,데니스 퀘이드(지미 모리스)
57997,"아담 샌들러(찰리 파인맨), 돈 치들(앨런 존슨)"
10007,"마크 해밀(루크 스카이워커), 해리슨 포드(한 솔로), 캐리 피셔(레이아 공주)"
30796,"이병헌(서인우), 이은주(인태희)"
149049,"김선혜(코난 한국어 목소리), 강수진(남도일 한국어 목소리), 이정구(유명한 한국어 목소리)"
19516,"데이브 폴리(플릭 목소리), 줄리아 루이스 드레이퍼스(아타 공주 목소리)"
38835,톰 행크스(빅터 나보스키)
10238,"더스틴 호프만(레이몬드 배빗), 톰 크루즈(찰리 배빗)"
77117,"일라이저 우드(멈블 목소리), 핑크(글로리아 목소리), 엘리자베스 데일리(베리어스 캐릭터스 목소리)"
100022,"유우키 아오이(카나메 마도카 목소리), 사이토 치와(아케미 호무라 목소리), 미즈하시 카오리(토모에 마미 목소리)"
36727,차승원(선생 김봉두)
73339,"스티브 카렐(그루 목소리), 태연(첫째딸, 마고 더빙 목소리), 서현(둘째딸, 에디트 더빙 목소리)"
95260,"매즈 미켈슨(루카스), 토머스 보 라센(테오), 수시 울드(그레테)"
144938,"매튜 맥커너히(버스터 문 목소리), 리즈 위더스푼(로지타 목소리), 스칼릿 조핸슨(애쉬 목소리)"
69917,"김수로(단순무식 체육선생, 천성근), 이한위(교장 선생님), 백성현(백정구)"
24926,
23859,"이병헌(수하), 전도연(홍연), 이미연(은희)"
10877,"주윤발(아해), 장국영(제임스), 중추훙(홍두)"
168023,"이완 맥그리거(크리스토퍼 로빈), 헤일리 앳웰(에블린 로빈), 마크 게티스(자일스 윈슬로우)"
64129,"샬토 코플리(비커스 메르바), 바네사 헤이우드(타냐 메르바), 제이슨 코프(그레이 브래드냄)"
53945,"강철환(본인), 김철웅(본인), 변옥선(본인)"
31118,"이정재(용기), 이영애(정연)"
182387,"김희애(윤희), 김소혜(새봄), 성유빈(경수)"
164115,"아만다 사이프리드(소피), 릴리 제임스(젊은 도나), 메릴 스트립(도나)"
121048,"전지현(안옥윤), 이정재(염석진), 하정우(하와이 피스톨)"
172187,"마츠모토 리카(사토시 목소리), 오오타니 이쿠에(피카츄 목소리)"
32911,"야마데라 코이치(스파이크 스피겔), 이시즈카 운쇼, 하야시바라 메구미"
36590,"르네 젤위거(록시 하트), 캐서린 제타 존스(벨마 켈리), 리차드 기어(빌리 플린)"
33870,"이정재(진수), 장진영(연희)"
81890,"크리스찬 베일(존), 니니(유 모)"
209496,"자흐 갈리피아나키스(론 목소리), 잭 딜런 그레이저(바니 목소리), 올리비아 콜맨(동카 목소리)"
45298,"케이트 윈슬렛(한나), 랄프 파인즈(마이클), 데이빗 크로스(어린 마이클)"
36799,"오웬 윌슨(라이트닝 맥퀸 목소리), 폴 뉴먼(닥 허드슨 목소리), 보니 헌트(샐리 목소리)"
38097,"나오미 왓츠(앤 대로우), 잭 블랙(칼 던햄), 애드리언 브로디(잭 드리스콜)"
16792,"크레이그 셰퍼(노먼 맥클레인), 브래드 피트(폴 맥클레인), 톰 스커릿(맥클레인 목사)"
10532,"케빈 베이컨(발렌타인 맥키), 프레드 워드(얼 바셋), 핀 카터(론다 르벡)"
17764,아놀드 슈왈제네거(하워드)
61848,"유이(아마네 카오루), 츠카모토 타카시(후지시로 코지)"
115534,"진도명(루옌스), 공리(펑완위), 장혜문(단단)"
42809,"유승호(찬이), 달이(마음이), 김향기(소이)"
183866,"성동일(두석), 하지원(승이), 김희원(종배)"
38738,맷 데이먼(제이슨 본)
136315,"로버트 다우니 주니어(토니 스타크 / 아이언맨), 조슈 브롤린(타노스), 크리스 헴스워스(토르)"
135806,"하나자와 카나, 노지마 켄지, 사쿠라 아야네"
10111,"석천(용사), 적룡(송자호), 장국영(아걸)"
37439,"크리스찬 베일(브루스 웨인/배트맨), 마이클 케인(알프레드), 리암 니슨(듀카드)"
10086,"로버트 드 니로(로드리고 멘도자), 제레미 아이언스(가브리엘 신부)"
37488,"유덕화(유건명), 량차오웨이(진영인), 여명(양금영)"
140731,"빈 디젤(도미닉 토레토), 드웨인 존슨(루크 홉스), 샤를리즈 테론(사이퍼)"
39568,"배리 페퍼(찰리 할리데이), 아나벨라 피가턱(이뉴잇 소녀 카날라)"
44728,"키이라 나이틀리(엘리자베스 베넷), 매튜 맥퍼딘(미스터 다아시), 브렌다 블레신(미시즈 베넷)"
60530,"스티브 카렐(프랭크), 토니 콜렛(쉐릴), 그렉 키니어(리차드)"
90589,"톰 크루즈(빌 케이지), 에밀리 블런트(리타 브라타스키), 빌 팩스톤(파렐 상사)"
159408,"마츠오카 요시츠구(키리토), 토마츠 하루카(아스나), 이토 카나에"
74565,"크리스 파인(제임스 T. 커크), 재커리 퀸토(스팍), 조 샐다나(우후라)"
10742,"마이클 더글라스(닉 커랜 형사), 샤론 스톤(캐서린 트라멜), 조지 던자(거스 모란)"
175366,"신하균(세하), 이광수(동구), 이솜(미현)"
159516,"마리오 카사스(아드리안 도리아), 바바라 레니(로라 비달), 호세 코로나도(토마스 가리도)"
129046,"제이콥 살바티(페퍼 플린트 버즈비 / 리틀 보이), 에밀리 왓슨(엠마 버즈비), 캐리 히로유키 타카와(하시모토)"
68934,"권귀덕(본인), 곽진석(본인), 신성일(본인)"
26537,"안도 마사노부, 카네코 켄, 모리모토 레오"
191545,"맷 데이먼, 아담 드라이버, 조디 코머"
10029,"로이 샤이더(경찰서장 마틴 브로디), 로버트 쇼(퀸트), 리처드 드레이퍼스(맷 후퍼)"
158180,"이병헌(김조하), 윤여정(주인숙), 박정민(오진태)"
117061,"최우식(영재), 김수현(영재부), 강신철(원장부)"
109466,오오타니 이쿠에(피카츄 목소리)
74632,"빈 디젤(도미닉 토레토), 폴 워커(브라이언 오코너), 드웨인 존슨(홉스)"
31307,"토비 맥과이어(스파이더맨/피터 파커), 윌렘 대포(그린 고블린/노먼 오스본), 커스틴 던스트(메리 제인 왓슨)"
39524,"우에노 주리(테너 색소폰 - 스즈키 토모코), 히라오카 유타(피아노 - 나카무라 유타), 칸지야 시호리(트럼펫 - 사이토 요시에)"
83160,"레이라 하타미(시민), 페이만 모아디(나데르), 사레 바이아트(라지에)"
172113,"이와미 마나카(마키아 목소리), 이리노 미유(아리엘 목소리), 카야노 아이(레일리야 목소리)"
68498,"우에토 아야(카이 목소리), 카미키 류노스케(슈헤이 목소리)"
189623,"최정운(옥주), 양흥주(아빠), 박현영(고모)"
64354,"윌 스미스(크리스 가드너), 제이든 스미스(크리스토퍼)"
70562,윤정희(양미자)
31524,"숀 코네리(윌리암 포레스터), 롭 브라운(자말 월레스)"
127398,"크리스 프랫(스타로드/피터 제이슨 퀼), 조 샐다나(가모라), 데이브 바티스타(드랙스/아서 더글라스)"
63445,"김명준(감독), 변재훈(21기 고급부 3학년), 오려실(21기 고급부 3학년)"
57278,"나카무라 시도(가부), 나리미야 히로키(메이)"
66091,"브래드 피트(벤자민 버튼), 케이트 블란쳇(데이지)"
18878,"잭 니콜슨(멜빈 유달), 헬렌 헌트(캐롤 코넬리), 그렉 키니어(사이몬 비솝)"
50598,"리암 니슨(한니발), 브래들리 쿠퍼(멋쟁이), 제시카 비엘(Capt. 차리사 소사)"
51787,"에디 레드메인(에이나르 베게너 / 릴리 엘베), 알리시아 비칸데르(게르다 베게너), 앰버 허드(울라 폴슨)"
17802,"다니엘 오떼유(아리), 파스칼 뒤켄(조지), 미우-미우(줄리)"
39399,"최민식(강태식), 류승범(유상환)"
173653,정우성(내레이션)
10128,로버트 드 니로(마이클 브론스키)
17255,"메릴 스트립(프란체스카 존슨), 클린트 이스트우드(로버트 킨케이드)"
45130,"제이슨 리(데이브), 저스틴 롱(앨빈 목소리), 매튜 그레이 구블러(사이몬 목소리)"
11720,"다니엘 데이 루이스(나다니엘 포 / 호크아이), 매들린 스토우(코라 먼로)"
76455,"앤 해서웨이, 제시 아이젠버그"
96968,"타케우치 준코(우즈마키 나루토 목소리), 나카무라 치에(하루노 사쿠라 목소리), 모리카와 토시유키(나미카제 미나토 목소리)"
142683,"니콜라스 홀트(제리 샐린저), 조이 도이치(우나 오닐), 사라 폴슨(도로시 올딩)"
129406,"엄정화(연우), 송승헌(성환)"
91031,"이정재(이자성), 최민식(강과장), 황정민(정청)"
62390,"브루노 강쯔(할아버지), 테오 게오르규(비투스 - 12살)"
76048,"조승우(최동원), 양동근(선동열), 최정원(김서형)"
10033,"해리슨 포드(인디아나 존스), 카렌 알렌(마리온), 폴 프리먼(닥터 르네 벨로크)"
178214,"캘럼 말로니(루이스 목소리), 더모트 마제니스(아민 / 와보 목소리), 폴 타이랙(내그 / 미스터 윈터 / 빌 목소리)"
23525,"김진규(동식), 이은심(하녀), 주증녀(동식의 아내)"
129072,"마크 러팔로(마이크 레젠데스), 레이첼 맥아담스(샤샤 파이퍼), 마이클 키튼(월터 로빈슨)"
24157,마리아 슈라더(파니 핑크)
37739,"전도연(김나영 / 조연순), 박해일(김진국), 고두심(어머니 조연순)"
200052,"윤아영(도라에몽 한국어 목소리), 김정아(진구 한국어 목소리), 김혜성(성인 진구 한국어 목소리)"
31456,"줄리엣 비노쉬, 주디 덴치, 알프리드 몰리나"
93236,"알란 커밍(루디), 아이작 레이바(마르코), 가렛 딜라헌트(폴)"
140803,"무라세 아유무(히나타 쇼요 목소리), 이시카와 카이토(카게야마 토비오 목소리), 히노 사토시(사와무라 다이치 목소리)"
172425,"존 조(데이빗 킴), 데브라 메싱(로즈메리 빅 형사)"
10330,알 파치노(토니 몬타나)
163787,"콜린 파렐(홀트 패리어), 마이클 키튼(V. A. 반데비어), 대니 드비토(맥스 메디치)"
10686,"장국영(영채신), 왕조현(청풍), 우마"
33422,덴젤 워싱턴(존 퀸시 아치밸드)
97652,"이홍기(충의), 마동석(무성), 임원희(봉식)"
44885,"로버트 다우니 주니어(토니 스타크 / 아이언 맨), 테렌스 하워드(제임스 로드), 제프 브리지스(오베디아 스탠)"
17143,"박중훈(용대), 이경영(인수), 오연수(태숙)"
157178,"후쿠시 소우타(미나미야마 타카토시), 고마츠 나나(후쿠쥬 에미)"
36843,"휴 그랜트(영국 수상), 리암 니슨(다니엘), 콜린 퍼스(제이미)"
27350,"기타노 다케시, 세키구치 유스케"
27109,"힐러리 스웽크(티나 브랜든/브랜든 티나), 클로에 세비니(라나 티스델), 피터 사스가드(존 로터)"
51049,"김새론(진희), 박도연(숙희), 고아성(예신)"
93094,"박효주(박선희), 이진희(류화영), 하석(현용준)"
162173,노무현(본인)
113170,"귀욤 고익스(폴 / 아틸라 마르셀), 앤 르 니(마담 프루스트), 베르나데트 라퐁(애니 이모)"
38907,"가이 피어스(에이든 맥로리), 장 클로드 드레이퍼스(노르망딘), 프레디 하이모어(어린 라울)"
96327,"크리스 에반스(스티브 로저스/캡틴 아메리카), 스칼릿 조핸슨(나타샤 로마노프/블랙 위도우), 사무엘 L. 잭슨(닉 퓨리)"
126389,구윤희
146214,"타나카 마유미(몽키 D. 루피 목소리), 나카이 카즈야(조로 목소리), 오카무라 아케미(나미 목소리)"
72393,"막심 고다르(니콜라), 발리에리 르메르시(니콜라 엄마), 카드 므라드(니콜라 아빠)"
43678,"조니 뎁(잭 스패로우), 올랜도 블룸(윌 터너), 키이라 나이틀리(엘리자베스 스완)"
17059,"임청하(노랑머리 마약밀매 중계자), 양조위(경찰 663), 왕페이(페이)"
76020,"제이 바루첼(히컵 목소리), 제라드 버틀러(스토이크 목소리), 아메리카 페레라(아스트리드 목소리)"
18318,토미 리 존스(마이크 록)
151254,"박인환(영환), 신구(순호), 임현식(현식)"
10055,실베스터 스탤론(존 J. 람보)
107748,"미야노 마모루, 하나자와 카나, 세키 토모카즈"
87571,"안성기(김경호 교수), 박원상(박준 변호사), 나영희(김경호부인)"
37409,"다니엘 브륄(알렉스), 카트린 사스(크리스티 안네)"
73018,엠마 톰슨(내니 맥피)
94194,"히라노 아야(루시 하트필리아 목소리), 카키하라 테츠야(나츠 드래그닐 목소리)"
146488,
127858,"타카츠키 사라(안나 목소리), 아리무라 카스미(마니 목소리)"
177483,"문소리(재판장 김준겸), 박형식(권남우)"
40133,브루스 윌리스(존 맥클레인)
33082,"주성치(강철다리 씽씽), 자오웨이(만두가게 아가씨 아매), 오맹달(황금다리 - 명봉)"
64080,"미야자키 아오이(사토나카 시즈루), 타마키 히로시(세가와 마코토)"
162854,"아녜스 바르다(본인), 제이알(본인)"
190324,라이언 레이놀즈(가이)
62556,실베스터 스탤론(록키 발보아)
120125,"박근형(성칠), 윤여정(금님), 조진웅(장수)"
183377,"플로리안 데이비드 핏츠(폴), 마치아스 슈와바이어퍼(토니)"
16906,"김명곤(유봉), 오정해(송화), 김규철(동호)"
113315,"이리노 미유(야도미 진타 목소리), 카야노 아이(멘마 목소리), 토마츠 하루카(아나루 목소리)"
139523,"키키 키린(도쿠에), 나가세 마사토시(센타로), 우치다 카라(와카나)"
10640,"로버트 드 니로(지미 콘웨이), 레이 리오타(헨리 힐), 조 페시(토미 드비토)"
92038,"박유천, 김재중, 준수"
33930,"다니엘 래드클리프(해리 포터), 루퍼트 그린트(론 위즐리), 엠마 왓슨(헤르미온느)"
31271,"브렌든 프레이저(리차드 릭 오코넬), 레이첼 와이즈(에블린 캐나헌 오코넬/네퍼티리 공주), 존 한나(조나단 캐나헌)"
82323,"와그너 모라(나시멘투), 앤드레 래미로(안드레 마티아즈), 이란디르 산토스(프라가)"
187321,"조지 맥케이(스코필드), 딘-찰스 채프먼(블레이크)"
149777,"브래드 피트(맥스), 마리옹 꼬띠아르(마리안), 리지 캐플란(브리짓)"
39405,"정재영(인민군 장교 리수화), 신하균(국군 장교 표현철), 강혜정(여일)"
150117,"엄상현(유희), 장성호(카이바)"
39633,"사나다 히로유키, 미야자와 리에, 코바야시 넨지"
146944,"니시카와 슌스케(타카하루 이가사키), 마츠모토 가쿠(야쿠모 클라우드 카토우), 나카무라 카이토(나기 마츠오)"
143416,"벨라 손(케이티), 패트릭 슈왈제네거(찰리)"
37838,"김하늘(주영주), 강동원(최희철)"
73075,"타마키 히로시, 우에노 주리"
50785,"엘마 웨퍼(루디), 한넬로르 엘스너(트루디), 이리즈키 아야(유)"
10250,"빌리 크리스탈(해리 번스), 멕 라이언(샐리 앨브라이트)"
45719,"아만다 바인즈(바이올라), 채닝 테이텀(듀크)"
31579,"마이크 마이어스(슈렉 목소리), 에디 머피(당나귀 목소리), 카메론 디아즈(피오나 공주 목소리)"
75401,"차태현(강상만), 강예원(정연수), 이문수(할배 귀신)"
19500,"한석규(유중원), 최민식(박무영), 송강호(이장길)"
35991,"정진영(형사 오영달), 양동근(형사 방제수), 한채영(강나나)"
160491,존 시나(페르디난드 목소리)
31911,"로버트 레드포드(네이슨), 브래드 피트(톰)"
29146,"매튜 맥커너히(Lt. 앤드류 테일러), 빌 팩스톤(Lt. Cmdr. 마이크 댈그렌), 하비 케이틀(CPO 헨리 크로그)"
70637,"제이슨 리(데이브), 저스틴 롱(앨빈 목소리), 매튜 그레이 구블러(사이몬 목소리)"
99714,"휴 잭맨(로건 / 울버린), 제임스 맥어보이(찰스 자비에), 마이클 패스벤더(에릭 랜셔)"
149504,"김상경(대익), 김옥빈(정숙), 최무성(현석)"
76627,"맷 데이먼(벤자민 미), 스칼릿 조핸슨(켈리 포스터)"
41585,"문소리(잎싹 목소리), 유승호(초록 목소리), 최민식(나그네 목소리)"
195450,"올랜도 블룸(벤 키팅), 스콧 이스트우드(클린트 로메샤), 케일럽 랜드리 존스(타이 카터)"
38546,"야기라 유야(아키라), 키타우라 아유(교코), 키무라 히에이(시게루)"
36957,"임수정(민아), 김래원(영재), 이미숙(미숙)"
14584,"대니 엘프만(잭 스켈링톤 노래/바렐 목소리), 크리스 서랜던(잭 스켈링톤 목소리), 캐서린 오하라(샐리/쇼크 목소리)"
103719,"후쿠야마 마사하루(료타), 오노 마치코(미도리), 마키 요코(유카리)"
36484,"크리스찬 베일(존 프레스톤), 에밀리 왓슨(메리 오브라이언), 타이 디그스(브랜트)"
16516,"아놀드 슈왈제네거(해리 테스커), 제이미 리 커티스(헬렌 태스커)"
38615,"야마구치 캇페이(쿠도 신이치/괴도 키드 목소리), 타카야마 미나미(에도가와 코난 목소리(일본어)), 야마자키 와카나(모리 란 목소리(일본어))"
208077,"톰 홀랜드(피터 파커/스파이더맨), 젠데이아 콜먼(MJ), 베네딕트 컴버배치(닥터 스트레인지)"
80774,"리틱 로샨(이튼), 아이쉬와라 라이(소피아)"
17800,리차드 기어(마틴 베일)
87309,"수라즈 샤르마(소년 파이 파텔), 이르판 칸(파이 파텔)"
11354,이경규(태영)
11092,"에드 해리스(버질 버드 브리그먼), 메리 엘리자베스 매스트란토니오(린지 브릭맨), 마이클 빈(Lt. 코피)"
43609,"커트 러셀(벤 크레인), 다코타 패닝(케일 크레인)"
52548,"송강호(이한규), 강동원(송지원)"
96054,"브렌든 프레이저(스콜치 목소리), 제시카 알바(리나 목소리), 사라 제시카 파커(키라 목소리)"
88495,"이장원(나키 목소리), 엄상현(군조 목소리), 김서영(코타케 목소리)"
83268,"황정민(정민), 엄정화(정화)"
75606,"사사키 노조미, 타니하라 쇼스케"
18875,
17773,"에단 호크(제시), 줄리 델피(셀린)"
82239,"애드리안 브로디(헨리 바스), 마샤 게이 하든(캐롤 디어든), 크리스티나 헨드릭스(사라 매디슨)"
31913,"톰 크루즈(데이빗 에임즈), 페넬로페 크루즈(소피아 세라노), 카메론 디아즈(줄리아나 줄리 지안니)"
192147,해리슨 포드(존 손튼)
194910,"하준(경만), 소주연(경미)"
76560,"미즈타 와사비(도라에몽 목소리), 오오하라 메구미(노비타 목소리), 키무라 스바루(쟈이안 목소리)"
17967,"이완 맥그리거(렌턴), 이완 브렘너(스퍼드), 조니 리 밀러(식크 보이)"
11119,"캐서린 힉스, 크리스 서랜던, 알렉스 빈센트"
70254,"로버트 다우니 주니어(토니 스타크/아이언맨), 기네스 팰트로(페퍼 포츠), 벤 킹슬리(만다린)"
191917,캐리 멀리건(카산드라 토마스)
189259,"조달환(이호연), 혜림(김서연)"
38574,덴젤 워싱턴(크리시)
183836,"존 라이스 데이비스, 벤 프라이스"
43206,"임수정(시은), 박은수(시은의 아빠 익두)"
149479,"백승환(강일록), 신민재(최대용), 김충길(노준세)"
127321,"헬렌 미렌(마리아 알트만), 라이언 레이놀즈(랜드 쉔베르크), 다니엘 브륄(유베르투스 체르닌)"
61521,"샤이아 라보프(샘 윗윅키), 타이레스(Sgt. 엡스), 조쉬 더하멜(캡틴 리녹스)"
139674,"디오(범실), 김소현(수옥), 연준석(산돌)"
149050,"야지마 아키코, 나라하시 미키, 후지와라 케이지"
142691,"송운화(린전신), 왕대륙(쉬타이위), 이옥새(오우양)"
98276,"스리데비(샤시), 아딜 후세인(사티쉬)"
191633,"안나 켄드릭, 저스틴 팀버레이크"
179318,"키키 키린(다케타), 쿠로키 하루(노리코), 타베 미카코(미치코)"
26544,"미카미 히로시(페이 홍), 차라(그리코), 이토 아유미(아게하)"
128212,"이종윤, 안석환, 남명렬"
165722,"마츠모토 리카(사토시 목소리), 오오타니 이쿠에(피카츄 목소리)"
65769,"드류 베리모어(소피 피셔), 휴 그랜트(알렉스 플레처)"
45944,"짐 캐리(칼 알렌), 주이 디샤넬(앨리슨)"
28214,"안성기(진립), 정우성(여솔), 주진모(최정)"
48074,"소지섭(이강패), 강지환(장수타)"
134898,"크리스 헴스워스(토르), 마크 러팔로(헐크), 톰 히들스턴(로키)"
18814,
49007,"히라타 히로아키, 쵸"
72081,"루퍼트 프렌드(샘), 클레멘스 포시(파이)"
73477,"정재영(김상남), 유선(나주원), 강신일(교감)"
138601,문소리(문소리)
75217,"야지마 아키코(노하라 신노스케 목소리), 나라하시 미키(노하라 미사에 목소리), 후지와라 케이지(노하라 히로시 목소리)"
71768,"마크 월버그(미키 워드), 크리스찬 베일(딕키 에클런드)"
29044,
36344,"신하균(병구), 백윤식(강사장)"
38662,"정우성(철수), 손예진(수진)"
179974,"클린트 이스트우드(얼 스톤), 타이사 파미가(지니), 브래들리 쿠퍼(콜린 베이츠)"
203097,
83098,"김명민(주만호), 안성기(박성일), 고아라(유지원)"
17946,"한석규(막동), 심혜진(미애), 문성근(배태곤)"
36651,"알렉산드레 로드리게즈(로킷), 리안드로 퍼미노(제), 펠리페 하겐센(베니)"
28795,"위노나 라이더(수잔나), 안젤리나 졸리(리사)"
154449,"김태리(혜원), 류준열(재하), 문소리(혜원 엄마)"
147388,"다코타 패닝(웬디), 토니 콜렛(스코티)"
61095,"캐리스 밴 허슨(레이첼), 세바스티안 코치(문츠), 돔 호프먼(한스)"
31464,"키아누 리브스(네오), 로렌스 피시번(모피어스), 캐리 앤 모스(트리니티)"
10800,아놀드 슈왈제네거(더글러스 퀘이드/하우저)
17758,"브루스 윌리스(제임스 콜), 매들린 스토우(캐스린 레일리), 브래드 피트(제프리 고인스)"
10741,"제인 마치(소녀), 양가휘(중국인 남자)"
185131,"김복동(본인), 한지민(내레이션)"
165025,"우정신, 임채헌"
32593,"커스틴 던스트(니콜 오클리), 제이 헤르난데즈(카를로스 누네즈), 루신다 제니(코트니 오클리)"
39516,"이병헌(선우), 김영철(강 사장), 신민아(희수)"
43153,톰 크루즈(에단 헌트)
197304,"임영웅, 영탁, 이찬원"
94775,"류승룡(용구), 박신혜(큰 예승), 갈소원(어린 예승)"
30685,"파이퍼 페라보(바이올렛 샌포드), 애덤 가르시아(케빈 오도넬), 마리아 벨로(릴)"
58538,"알렉스 켄드릭(그랜트 테일러), 섀넌 필즈(브룩 테일러), 제이슨 맥로드(브록 켈리)"
190728,"마크 러팔로(롭 빌럿), 앤 해서웨이(사라), 팀 로빈스(톰 터프)"
66440,"데브 파텔(자말 말릭), 프리다 핀토(라티카), 타나이 크헤다(소년, 자말)"
29378,멜 깁슨(벤자민 마틴)
130983,"브라이언 크랜스톤(달튼 트럼보), 다이안 레인(클레오 트럼보), 헬렌 미렌(헤다 호퍼)"
136890,"에이미 와인하우스(본인 [자료화면]), 마크 론슨(본인), 피트 도허티(본인)"
186613,"시얼샤 로넌(조 마치), 엠마 왓슨(멕 마치), 플로렌스 퓨(에이미 마치)"
35626,"에미넴(지미 B-래빗 스미스 주니어), 킴 베이싱어(스테파니 스미스), 브리트니 머피(알렉스)"
10253,"마이클 키튼(배트맨 / 브루스 웨인), 잭 니콜슨(조커 / 잭 네이피어), 킴 베이싱어(빅키 베일)"
10100,"톰 크루즈(매버릭), 켈리 맥길리스(찰리)"
197487,
132998,"윤여정(계춘), 김고은(혜지)"
39879,"이완 맥그리거(링컨 6-에코/톰 링컨), 스칼렛 요한슨(조던 2-델타/새라)"
18763,"레오나르도 디카프리오, 줄리엣 루이스, 마크 월버그"
132991,"루안 에머라(폴라 벨리에), 카린 비아르(지지 벨리에), 프랑수아 다미앙(로돌프 벨리에)"
18597,
115240,"백종환(강호찬), 김종구(부장), 정희태(노조지부장)"
18350,"브루스 윌리스(코벤), 밀라 요보비치(리루), 게리 올드만(조르그)"
31607,"배두나(유태희), 이요원(신혜주), 옥지영(서지영)"
19456,
32588,"오드리 토투(아멜리에 폴랑), 마티유 카소비츠(니노)"
31940,"가이 피어스(레나드 쉘비), 캐리 앤 모스(나탈리), 조 판토리아노(테디 갬멜)"
35071,"토비 맥과이어(피터 파커/스파이더맨), 커스틴 던스트(메리 제인 왓슨)"
96961,"전도연(송정연), 고수(김종배)"
114249,"콜린 퍼스(해리), 태런 에저튼(에그시), 사무엘 L. 잭슨(발렌타인)"
38274,"디에고 루나(하비에 스와레즈), 로몰라 가레이(케이티 밀러), 셀라 워드(지니 밀러)"
66144,"찰리 콕스(트리스탄), 클레어 데인즈(이베인), 미셸 파이퍼(라미아)"
31282,"엘렌 버스틴(사라 골드파브), 자레드 레토(해리 골드파브), 제니퍼 코넬리(마리온 실버)"
77768,"톰 하디(맥스 로켓탄스키), 샤를리즈 테론(임페라토르 퓨리오사), 니콜라스 홀트(눅스)"
138576,"김춘희, 최막이"
52790,"필립 세이모어 호프만(더 카운트), 빌 나이(쿠엔틴), 리스 이판(개빈)"
38882,"톰 행크스(기관장/소년/소년의 아버지/떠돌이/스크루지/산타클로 목소리), 레슬리 제멕키스(사라/어머니 목소리), 에디 디즌(노-잇-올 목소리)"
181381,"최민식(장영실), 한석규(세종)"
130957,"오셔 잭슨 주니어(아이스 큐브), 코리 호킨스(닥터 드레), 제이슨 밋첼(이지-E)"
119632,"마일즈 텔러(앤드류), J.K. 시몬스(플레쳐)"
99724,"천우희(한공주), 정인선(이은희), 김소영(전화옥)"
91696,"빈 디젤(도미닉 토레토), 드웨인 존슨(루크 홉스), 폴 워커(브라이언 오코너)"
150198,"카미키 류노스케(타치바나 타키 목소리), 카미시라이시 모네(미야미즈 미츠하 목소리)"
17450,"니콜라스 케이지(벤 샌더슨), 엘리자베스 슈(세라)"
37245,"권상우(현수), 이정진(우식), 한가인(은주)"
193990,"자승(본인), 무연(본인), 진각(본인)"
72363,"로버트 다우니 주니어(토니 스타크/ 아이언 맨), 스칼릿 조핸슨(나타샤 로마노프/블랙 위도우), 크리스 헴스워스(토르)"
153279,"미즈타 와사비(도라에몽 목소리), 오오하라 메구미(노비타 (진구) 목소리), 카카즈 유미(시즈카 목소리)"
18216,짐 캐리(플레처 리드)
123433,"스자키 아야(타마코 목소리), 타마루 아츠시(모치조 목소리), 카네코 유우키(미도리 목소리)"
72631,"김슬기(슬기), 조아름(아름), 함현상(작곡 선생님)"
143253,"이선(뽀로로 목소리), 이미자(크롱 목소리), 함수정(에디 목소리)"
118950,"멜리사 맥카시(수잔 쿠퍼), 주드 로(브래들리 파인), 제이슨 스타뎀(릭 포드)"
143456,"르네 젤위거(브리짓 존스), 콜린 퍼스(마크 다시), 패트릭 뎀시(잭 퀀트)"
27260,"브래드 피트(테일러 더든), 에드워드 노튼(나레이터), 헬레나 본햄 카터(말라 싱어)"
14397,"게리 올드만(드라큐라), 위노나 라이더(미나 머레이/엘리자베스), 안소니 홉킨스(에이브러햄 반 헬싱 교수)"
186615,"에드 스크레인(딕 베스트), 패트릭 윌슨(레이튼), 루크 에반스(맥클러스키)"
134845,"박경혜(민호), 김현지(지바냥), 홍범기(위스퍼)"
165751,"블라디미르 브도비첸코프(블라디미르 자니베코프), 파벨 데레비앙코(빅토르 사비뉴), 마리야 미로노바(니나)"
80866,"김윤석(동주), 유아인(완득)"
159845,"김해숙(순옥), 손호준(기강)"
146508,"윤여정(소영), 전무송(재우), 윤계상(도훈)"
50932,"조인성(병두), 천호진(황 회장), 남궁민(민호)"
39157,"주진모(한상준), 김아중(강한나/제니)"
153951,"김율(루돌프 목소리 역), 신용우(많이있어 목소리 역), 홍범기(부치 목소리 역)"
158610,"프란시스 맥도맨드(밀드레드), 우디 해럴슨(윌러비), 샘 록웰(딕슨)"
37853,"박신양(최창혁/최창호), 백윤식(김 선생), 염정아(서인경)"
51624,"윤하(소라), 이치카와 소메고로(마츠모토), 양진우(현준)"
39846,조니 뎁(윌리 웡카)
210808,"앤드류 가필드, 알렉산드라 쉽, 로빈 드 지저스"
19541,
159311,"이솜(미소), 안재홍(한솔)"
64961,"에이타(도르지 / 가와사키), 마츠다 류헤이(가와사키), 하마다 가쿠(시나)"
187324,"타나카 마유미, 나카이 카즈야, 오카무라 아케미"
113348,"베네딕트 컴버배치(앨런 튜링), 키이라 나이틀리(조안 클라크), 매튜 구드(휴 알렉산더)"
86197,"다코타 패닝(테사), 카야 스코델라리오(조이), 제레미 어바인(아담)"
142241,마이클 무어(본인)
119914,"타카야마 미나미(에도가와 코난), 쿠리타 칸이치(루팡 3세 ), 스기모토 유(미야모토 유미)"
100639,"매튜 맥커너히(론 우드루프), 제니퍼 가너(닥터 이브 삭스), 자레드 레토(레이언)"
38420,"윌 스미스(델 스프너 형사), 브리짓 모이나한(수잔 캘빈 박사), 브루스 그린우드(랜스 로버트슨)"
36617,"오영수(노 스님), 김기덕(장년 승), 김영민(청년 승)"
26348,"꼼빠이 세군도(본인), 이브라힘 페레르(본인), 오마라 포르투온도(본인)"
70691,"리빙빙(리닝위), 저우쉰(구 샤오멍)"
109910,"레이몬드 오초아(알로 목소리), 제프리 라이트(아빠 목소리), 프란시스 맥도맨드(엄마 목소리)"
65735,"댄 카스텔라네타(호머 심슨 목소리), 줄리 카브너(마지 심슨 목소리), 낸시 카트라이트(바트 심슨 목소리)"
74309,"윌 페렐(메가마인드 목소리), 브래드 피트(메트로 맨 목소리), 조나 힐(타이탄 목소리)"
18285,"모니카 벨루치(리자), 뱅상 카셀(막스), 로만느 보링거(알리스)"
28876,"장만옥(수 리첸, 소려진, 蘇麗珍), 양조위(초 모완, 주모운, 周慕雲)"
159054,"타카야마 미나미, 야마자키 와카나, 코야마 리키야"
116251,
136872,"엠마 왓슨(벨), 댄 스티븐스(야수/왕자), 루크 에반스(개스톤)"
73496,"서태지(보컬), 톨가 카쉬프(음악감독/지휘자), 탑(기타)"
170496,"여민정(윤단아 목소리), 한채언(천유성 목소리), 김지율(서도영 목소리)"
60755,
16571,"존 트라볼타(빈센트 베가), 사무엘 L. 잭슨(줄스 윈필드), 우마 서먼(미아 웰러스)"
77154,"마츠모토 리카(사토시), 오오타니 이쿠에(피카츄)"
159848,"메릴 스트립(캐서린 그레이엄), 톰 행크스(벤 브래들리)"
179139,이범수(오영민)
189624,강말금(이찬실)
47494,"존 레귀자모(시드 목소리), 데니스 리어리(디에고 목소리), 퀸 라티파(엘리 목소리)"
180374,"패튼 오스왈트(맥스 목소리), 케빈 하트(스노우볼 목소리), 제니 슬레이트(기젯 목소리)"
93089,"라이언 구즈먼(션), 캐서린 맥코믹(에밀리)"
36763,"케빈 스페이시(데이빗 게일), 케이트 윈슬렛(벳시 블룸), 로라 린니(컨스탄스 해러웨이)"
39043,"에단 호크(제시), 줄리 델피(셀린)"
149731,마크 월버그(토미 샌더스)
98432,"아델 에그자르코풀로스(아델), 레아 세이두(엠마)"
33759,"기네스 팰트로우(로즈메리 샤나한), 잭 블랙(할 라슨)"
36732,"임수정(수미), 염정아(은주), 김갑수(무현)"
147896,"J.K. 시몬스(세바스찬), 크리스토퍼 파파칼리아티스(지오르고), 안드레아 오스바트(엘리제)"
44910,"정재영(남자 김씨), 정려원(여자 김씨)"
80629,"제임스 프랭코(윌 로드만), 프리다 핀토(캐롤라인), 앤디 서키스(시저)"
78681,"미카엘 페르스브렁(안톤), 트린 디어홈(마리안느), 율리히 톰센(클라우스)"
40032,"시오야 슌(마츠야마 코우스케), 타카오카 소스케(리안성), 사와지리 에리카(리경자)"
35070,"휴 그랜트(윌 프리먼), 토니 콜렛(피오나), 레이첼 와이즈(레이첼)"
98280,안와르 콩고(본인)
59032,"테라오 아키라(박사), 후카츠 에리(쿄코)"
34598,"쿠보즈카 요스케(테루), 코유키(미즈에), 나이토 타카시(샐리)"
37756,"윌 페렐(버디), 제임스 칸(월터/친아빠)"
92176,"스티브 카렐(그루 목소리), 미란다 코스그로브(마고 목소리)"
37261,"감우성(최태인 중위), 손병호(진창록 중사), 박원상(마원균 병장)"
172040,"타네자키 아츠미(미조레 목소리), 토우야마 나오(노조미 목소리)"
19063,"로버트 듀발(Capt. 스퍼진 피쉬 태너 대위), 티아 레오니(제니 러너), 일라이저 우드(리오 베이더만)"
53781,"서영희(김복남), 지성원(해원), 황화순(동호 할매)"
48159,"타카야마 미나미(에도가와 코난 목소리), 야마자키 와카나(모리 란 목소리)"
96325,"아만다 사이프리드(MK 목소리), 조쉬 허처슨(노드 목소리), 콜린 파렐(로닌 목소리)"
172118,"윤아영(도라에몽 한국어 목소리), 김정아(진구 한국어 목소리), 조현정(이슬이 한국어 목소리)"
19394,"성룡(형사반장 리), 크리스 터커(형사 제임스 카터)"
127901,"미즈타 와사비(도라에몽 목소리), 오오하라 메구미(노비타 목소리), 카카즈 유미(시즈카 목소리)"
194321,"시다 미라이, 하나에 나츠키"
34225,"쉐인 웨스트(랜든 카터), 맨디 무어(제이미 설리반)"
154226,"제임스 코든(피터 래빗 목소리), 도널 글리슨(제레미 피셔 / 토마스 맥그리거), 로즈 번(비 / 제미마 퍼들덕)"
35273,"맷 데이먼(제이슨 본), 프란카 포텐테(마리 헬레나 크류츠), 크리스 쿠퍼(알렉산더 콘클린)"
36950,니콜 키드먼(그레이스 마가렛 뮬리건)
51407,"최강희(딸, 박애자), 김영애(엄마, 최영희)"
115296,"알 파치노(대니 콜린스), 아네트 베닝(메리 싱클레어), 제니퍼 가너(사만다 레이 도넬리)"
121052,"윌 아넷(설리 목소리), 캐서린 헤이글(앤디 목소리), 성룡(미스터 펭 목소리)"
35546,"다니엘 래드클리프(해리 포터), 엠마 왓슨(헤르미온느), 루퍼트 그린트(론 위즐리)"
96997,"양익준(김민철), 오정세(성철우), 권해효(최경석)"
109920,"존 파브로(칼 캐스퍼), 엠제이 안소니(퍼시), 소피아 베르가라(이네즈 )"
170874,"고마츠 나나(타치바나 아키라), 오오이즈미 요(콘도 마사미)"
179307,"박지후(은희), 김새벽(영지)"
207364,"허광한, 장약남"
30786,"커스틴 던스트(토랜스 쉽맨), 엘리자 더쉬쿠(미시 팬톤), 제시 브래포드(클리프 팬톤)"
168298,"소지섭(우진), 손예진(수아)"
185423,"오승훈(종구), 정다은(채영), 손우현(해성)"
181554,"이지현(차탄 목소리), 김용준(차산/코어 목소리)"
38106,"에모리 토오루(긴 목소리), 오카모토 아야(미유키 목소리), 우메가키 요시아키(하나 목소리)"
137010,"여민정(굴레에 빠진 후파 목소리), 이광수(굴레를 벗어난 후파 목소리), 이선호(지우 목소리)"
33420,"조승우(지형태), 이나영(서인주)"
158628,"크리스찬 베일(조셉 J. 블로커 대위), 로자먼드 파이크(로잘리 퀘이드), 웨스 스투디(옐로우 호크 추장)"
95541,"톰 크루즈(에단 헌트), 제레미 레너(윌리엄 브랜트), 사이먼 페그(벤지 던)"
61482,"하비에르 바르뎀(로렌조 신부), 나탈리 포트만(아이네스/앨리시아), 스텔란 스카스가드(프란시스코 고야)"
53372,"톰 크루즈(에단 헌트), 제레미 레너(브랜트)"
11089,"제임스 스튜어트, 킴 노박"
155484,"소연(나찬 목소리), 신용우(에반 목소리), 윤아영(류 목소리)"
112042,"박용우(준구), 김서형(정숙), 이유영(민경)"
148909,"올리비아 콜맨(앤 여왕), 엠마 스톤(애비게일 힐), 레이첼 와이즈(사라 제닝스)"
31629,"크리스 터커(형사 제임스 카터), 성룡(형사반장 리)"
10245,브루스 윌리스(존 맥클레인)
144945,"앤디 샘버그(주니어 목소리), 케이티 크라운(튤립 목소리), 켈시 그래머(헌터 목소리)"
172768,"쉐일린 우들리(태미), 샘 클라플린(리처드)"
25749,"이와오 준코(미마), 마츠모토 리카(루미), 츠지 신파치(타도코로)"
10106,"험프리 보가트(릭 블레인), 잉그리드 버그만(일사 런드), 폴 헌레이드(빅터 라즐로)"
38338,"조니 뎁(J.M. 배리), 케이트 윈슬렛(실비아 데이비스), 줄리 크리스티(엠마 뒤모리에)"
132610,"아야세 하루카(코우다 사치), 나가사와 마사미(코우다 요시노), 카호(코우다 치카)"
39369,"제라드 버틀러(팬텀), 에미 로섬(크리스틴)"
97858,"벤 스틸러(월터 미티), 크리스틴 위그(셰릴 멜호프), 숀 펜(숀 오코넬)"
126078,"에단 호크(쳇 베이커), 카르멘 에조고(제인/일레인), 칼럼 키스 레니(딕)"
162932,"고두심(애순), 김성균(인규)"
154298,"로버트 드 니로(프랭크 시런), 알 파치노(지미 호파), 조 페시(러셀 버팔리노)"
87246,인피니트
37386,"제이미 리 커티스(테스 콜만), 린제이 로한(애나 콜만), 해롤드 굴드"
39750,"페넬로페 크루즈(이딸리아), 세르지오 카스텔리토(띠모떼오), 클로디아 게리니(엘자)"
39708,키아누 리브스(존 콘스탄틴)
39676,"톰 케니(스폰지밥 목소리), 클랜시 브라운(미스터 크랩스 목소리), 로저 범패스(스퀴드워드 목소리)"
131576,"변현우(샘 한국어 목소리), 김지혜(수 한국어 목소리), 박조호(빅터 목소리)"
23917,"타나카 아츠코(공안9과 - 쿠사나기 모토코 목소리), 오오츠카 아키오(공안9과 - 바트 목소리)"
118348,"엘라 콜트레인(메이슨), 에단 호크(아빠), 패트리샤 아퀘트(엄마)"
31705,웨슬리 스나입스(블레이드/에릭 브룩스/데이워커)
81106,"빌 나이(산타할아버지 목소리), 제임스 맥어보이(아더 목소리), 휴 로리(스티브 목소리)"
123095,"장광(운수 좋은 날 - 김첨지 목소리), 남상일(봄봄 - “나” 판소리 도창 목소리), 박영재(봄봄 - 사위 목소리)"
73318,"엄태웅(병훈), 이민정(희중), 최다니엘(상용)"
37244,"이범수(상현), 이은주(경우)"
152265,"이장원(볼케니온 목소리), 테라사키 유카(마기아나 목소리), 이선호(지우 목소리)"
84856,"장 뒤자르댕(조지), 베레니스 베조(페피), 존 굿맨(짐머)"
130376,"신순애, 이총각, 이기복"
77566,"크리스틴 스튜어트(벨라 컬렌), 로버트 패틴슨(에드워드 컬렌), 테일러 로트너(제이콥 블랙)"
109626,"빌리 크루덥(샘), 안톤 옐친(쿠엔틴)"
61056,"채닝 테이텀(테일러 게이지), 제나 드완(노라 클락)"
72058,"나탈리 포트만(니나 세이어스), 뱅상 카셀(토마스 르로이), 밀라 쿠니스(릴리)"
137956,"케이시 애플렉(리), 미셸 윌리엄스(랜디), 카일 챈들러(조 챈들러)"
28792,"맷 데이먼(톰 리플리), 기네스 팰트로(마지 셔우드), 주드 로(딕키 그린리프)"
31904,최민식(장승업)
10962,해리슨 포드(릭 데커드)
19505,"심은하(춘희), 안성기(인공), 이성재(철수)"
64170,"크세니야 라포포트(이레나), 미켈레 플라치도(몰드), 클로디아 게리니(발레리아 아다처)"
39150,"힐러리 더프(샘), 제니퍼 쿨리지(피오나)"
52794,"윌 페렐(해롤드 크릭), 매기 질렌할(안나 파스칼), 더스틴 호프만(닥터 줄스 힐버트)"
32126,"에밀리오 에체바리아(엘 치보), 가엘 가르시아 베르날(옥타비오), 고야 톨레도(발레리아)"
125459,"베네딕트 컴버배치(닥터 스트레인지), 레이첼 맥아담스(크리스틴 팔머), 틸다 스윈튼(에인션트 원)"
52757,"견자단(영춘권 고수, 엽문), 홍금보(홍가권 고수, 홍진남), 황효명(엽문의 제자, 황량)"
174805,"조현정(신비 목소리), 김영은(하리 목소리), 김채하(두리 목소리)"
87663,"마에다 코우키(형 코이치), 마에다 오시로(동생 류노스케), 오다기리 죠(아빠 켄지)"
42867,"나카무라 마사토시(이와모토 카오루), 혼고 카나타(이와모토 사토루), 타베 미카코(쿠도 준)"
167049,"장 피에르 바크리(맥스), 질 를르슈(제임스), 수잔 클레망(조지앙)"
23849,"톰 행크스(조 폭스), 멕 라이언(캐슬린 켈리)"
125438,"크리스 프랫(에밋/터프가이 렉스 목소리), 엘리자베스 뱅크스(루시 목소리), 윌 아넷(배트맨 목소리)"
18003,"랄프 파인즈(알마시), 줄리엣 비노쉬(간호사 한나), 윌렘 대포(카라바지오)"
34447,"황정민(대식), 정찬(석원), 서린(일주)"
145292,"김윤석(수현), 변요한(젊은수현), 채서진(젊은연아)"
106540,"황정민(태일), 한혜진(호정)"
24602,"니콜 드 보아(조안), 닉키 과다그니(헬렌)"
88226,"김준구(낙만), 오달수(아버지)"
60484,"메릴 스트립(미란다), 앤 해서웨이(앤디 삭스), 스탠리 투치(나이젤)"
73411,"잭 블랙(팬더곰, 포 목소리), 더스틴 호프만(렛서팬더/사부, 시푸 목소리), 성룡(원숭이, 몽키 목소리)"
17787,실베스터 스탤론(킷 라투라)
31814,"김태우(재섭), 김민정(소희)"
164684,"피오 마르마이(장), 아나 지라르도(줄리엣), 프랑수아 시빌(제레미)"
109984,"브래들리 쿠퍼(크리스 카일), 시에나 밀러(타야), 제이크 맥더맨"
10132,"리차드 기어(에드워드 루이스), 줄리아 로버츠(비비안 워드)"
202901,"찬열(지훈), 조달환(민수)"
75415,"빌리 크리스탈(마이크 목소리), 존 굿맨(설리 목소리), 스티브 부세미(랜달 보그스 목소리)"
71546,"솔레다드 빌라밀(이렌 메넨데즈 하스팅스), 리카도 다린(벤자민 에스포시토), 칼라 쿠에브도(릴리아나 콜로토)"
25641,"빈센트 갈로(빌리 브라운), 크리스티나 리치(레일라), 벤 가자라(지미 브라운)"
92312,"장 르노(알렉상드르), 미카엘 윤(자키), 라파엘 아고귀에"
39804,"시릴 라파엘리(다미엔), 데이빗 벨(레이토), 비비 나세리(타하)"
54411,"강동원(사형수 정윤수), 이나영(문유정)"
52747,"황정민(최철기), 류승범(주양), 유해진(장석구)"
10793,
74003,"톰 하디(토미 리어든/콘론(동생)), 조엘 에저튼(브렌든 콘론(형)), 제니퍼 모리슨(테스 콘론(형 부인))"
185450,"김나연(하나), 김시아(유미), 주예림(유진)"
62789,"크리스 파인(제임스 커크 함장), 재커리 퀸토(스팍)"
48742,"강혜정(차상은), 배종옥(김현숙), 정경호(이종범)"
136873,"크리스틴 벨(안나 목소리), 이디나 멘젤(엘사 목소리)"
64126,"카메론 디아즈(아만다), 케이트 윈슬렛(아이리스), 주드 로(그레엄)"
91703,"레너드 니모이, 제레미 슈어레즈, 아비게일 브레스린(조이 목소리)"
33513,"쿠보즈카 요스케(수기하라/리), 시바사키 코우(사쿠라이), 오타케 시노부"
16211,이연걸(장무기)
101904,"안나 켄드릭(파피 목소리), 저스틴 팀버레이크(브랜치 목소리), 주이 디샤넬(브리짓 목소리)"
78240,"루브나 아자발(나왈 마르완), 멜리사 디소르미스-폴린(잔느 마르완), 맥심 고데테(시몬 마르완)"
19479,"임창정(김범수), 고소영(남현주/유하린), 차승원(변지민)"
163798,"마이클 B. 조던(아도니스 크리드), 실베스터 스탤론(록키 발보아)"
66728,"로사 살라자르(알리타), 크리스토프 왈츠(닥터 다이슨 이도), 키언 존슨(휴고)"
114276,"베네딕트 컴버배치(비밀요원 목소리), 존 말코비치(데이브/옥토브레인 목소리), 톰 맥그라스(스키퍼 목소리)"
193800,"베네딕트 컴버배치(스투 코우치), 조디 포스터(낸시 홀랜더), 쉐일린 우들리(테리 던컨)"
10519,"숀 코네리, 알렉 볼드윈"
50583,"미키 루크(랜디 더 램 로빈슨), 마리사 토메이(캐시디), 에반 레이첼 우드(스테파니 로빈슨)"
123420,"타카야마 미나미(에도가와 코난), 히다카 노리코(세라 마스미)"
149236,"라이언 레이놀즈(웨이드 윌슨 / 데드풀), 조슈 브롤린(네이던 서머스 / 케이블), 재지 비츠(도미노)"
29558,"멜 깁슨(록키 목소리), 줄리아 사왈하(진저 목소리), 미란다 리처드슨(트위디 여사 목소리)"
62249,덴젤 워싱턴(더그 칼린)
25676,"세프론 버로우스(닥터 수잔 맥콜리스터), 토마스 제인(카터 블레이크), LL 쿨 J(셔만 프리처 듀들리)"
88474,"유다인(유진), 박지빈(정훈), 김보라(성아)"
132626,"스티브 카렐(그루/드루 목소리), 크리스틴 위그(루시 와일드 목소리), 트레이 파커(발타자르 브래트 목소리)"
113635,"이코 우웨이스(라마), 야얀 루히안(프라코소), 줄리 에스텔(해머걸)"
167053,"브라이언 크랜스톤(필립), 케빈 하트(델), 니콜 키드먼(이본)"
18489,"한석규(동현), 전도연(수현)"
19059,"아담 샌들러(로비 하트), 드류 베리모어(줄리아 설리반)"
37487,"황추생(황국장), 증지위(한침)"
44981,"피터 뮬란(테리), 앤드류 가필드(잭 버리지)"
18153,"토미 리 존스(요원 K/케이), 윌 스미스(제임스 에드워드/요원 J/제이)"
67374,"제이크 질렌할(다스탄 왕자), 젬마 아터튼(타미나 공주), 벤 킹슬리(니잠)"
124225,"앤 도벌(디안), 안토니 올리버 피론(스티브), 쉬잔느 클레먼트(카일라)"
74315,"신하균(강은표), 고수(김수혁), 이제훈(신일영)"
137281,"야지마 아키코, 후지와라 케이지, 나라하시 미키"
41350,"류승범(구동건), 신민아(장해주)"
100938,"드레이크 벨(파이 목소리), 앤디 딕(딜런 목소리)"
49302,"페넬로페 크루즈(라이문다), 카르멘 마우라(이렌느)"
39576,주성치(싱)
135342,"타케우치 준코(우즈마키 나루토 목소리), 나카무라 치에(하루노 사쿠라 목소리), 모리쿠보 쇼타로(나라 시카마루 목소리)"
134887,"조셉 고든 레빗(스노든), 쉐일린 우들리(린지 밀스)"
93774,"이와나가 히로아키(가츠 목소리), 사쿠라이 타카히로(그리피스 목소리), 유키나리 토아(캐스커 목소리)"
33682,"다케나카 나오토(돌고래 조련사), 츠마부키 사토시(스즈키), 타마키 히로시(사토)"
34514,"밀라 요보비치(앨리스), 미셸 로드리게즈(레인 오캠포), 에릭 마비우스(맷 애디슨)"
50869,"최원균(본인), 이삼순(본인), 최노인의 소(본인)"
17173,"브래드 피트(트리스탄 러드로우), 안소니 홉킨스(윌리엄 러드로우 대령), 에이단 퀸(알프레드 러드로우)"
19302,모리야마 슈이치로(포르코 롯소 목소리)
142634,"셜리 맥클레인(해리엇), 아만다 사이프리드(앤), 앤쥴 리 딕슨(브렌다)"
39818,"주현(곽 회장, 곽만철), 오미희(오 여인, 오선희), 천호진(조재경)"
129094,알렉 볼드윈(보스 베이비 목소리)
38898,"숀 웨이언스(케빈 코플랜드 요원), 마론 웨이언스(마커스 코플랜드 요원), 제이미 킹"
11722,"장국영(구양봉 / 서독), 양조위(눈먼 무사 / 맹무살수), 임청하(모룡연 / 모룡언 / 독고구패)"
59344,"나오미 왓츠(키티 페인), 에드워드 노튼(월터 페인)"
17458,"엠마 톰슨(엘리노어 대쉬우드), 케이트 윈슬렛(마리안 대쉬우드), 에밀리 프랑수아(마가렛 대쉬우드)"
171533,"키이라 나이틀리(콜레트), 도미닉 웨스트(윌리)"
122527,"크리스 에반스(스티브 로저스 / 캡틴 아메리카), 로버트 다우니 주니어(토니 스타크 / 아이언맨), 스칼릿 조핸슨(나타샤 로마노프/ 블랙위도우)"
31565,"르네 젤위거(브리짓 존스), 콜린 퍼스(마크 다시), 휴 그랜트(다니엘 클리버)"
151674,"김광석(본인), 이상호(본인), 박학기(본인)"
88426,"엄태웅(현재 승민), 한가인(현재 서연), 이제훈(과거 승민)"
151747,"마티아스 쇼에나에츠(미하일 카레코프), 콜린 퍼스(데이빗 러셀), 레아 세이두(타냐 카레코프)"
40678,"이성재(지강혁), 최민수(김안석)"
51282,"후쿠야마 마사하루(천재 물리학자, 유카와 마나부), 츠츠미 신이치(수학 천재, 이시가미 테츠야), 시바사키 코우(열혈형사, 우츠미 카오루)"
161374,"아리엘 윈터(소피아 목소리), 아미 카레로(엘레나 목소리), 제인 폰다(슈리키 목소리)"
107928,"브래드 피트(워대디), 로건 레먼(노먼 앨리슨), 샤이아 라보프(바이블)"
86818,"마츠야마 켄이치(카와치 다이키치), 아시다 마나(카가 린), 카리나(후타니 유카리)"
152183,"노무현(본인), 김원명(본인), 김하연(본인)"
17150,"스티븐 볼드윈(마이클 맥매너스), 가브리엘 번(딘 키튼)"
39473,"호아킨 피닉스(잭 모리슨), 존 트라볼타(마이크 케네디 서장), 재신다 바렛(린다 모리슨)"
192614,"레오나르도 디카프리오, 제니퍼 로렌스, 롭 모건"
88783,"치얀 비크람(크리쉬나), 사라 아준(닐라)"
167613,호아킨 피닉스(아서 플렉 / 조커)
17062,"브래드 피트(형사 데이빗 밀스), 모건 프리먼(형사 Lt. 윌리엄 소머셋)"
63379,"장예가(캉정싱), 장효전(위샤우헝), 양기(후이지아)"
66795,"마티유 아말릭(장 도미니크 보비), 엠마누엘 자이그너(셀린 데물랭), 마리 조지 크로즈(헨리에트 뒤랑)"
90388,"태민(쟈니 목소리), 써니(미란다 목소리), 윤다훈(하미쉬  목소리)"
37758,"데니스 퀘이드(잭 홀 박사), 제이크 질렌할(샘 홀), 이안 홈(테리 랩슨)"
164719,"윌렘 대포(바비), 브루클린 프린스(무니), 브리아 비나이트(핼리)"
52425,"메릴 스트립(줄리아 차일드), 에이미 애덤스(줄리 포웰)"
47638,"카호(후지사키 미호), 사노 카즈마(미야타 토키지로)"
48310,"오웬 윌슨(존 그로갠), 제니퍼 애니스톤(제니퍼 그로갠)"
38083,"샤를리즈 테론(에일린), 크리스티나 리치(셀비)"
182360,"고아성(유관순), 김새벽(김향화), 김예은(권애라)"
65677,"임성언(윤미), 곽지민(세리)"
88253,"송중기(늑대소년), 박보영(순이)"
70393,"조지 클루니(미스터 폭스 목소리), 메릴 스트립(미시즈 폭스 목소리), 제이슨 슈왈츠먼(애쉬 목소리)"
141824,"수애(리지원), 오달수(강대웅), 오연서(박채경)"
114265,"제프 브리지스(조종사 목소리), 레이첼 맥아담스(엄마 목소리), 매켄지 포이(소녀 목소리)"
75006,"트래비스 핌멜(안두인 로서), 벤 포스터(메디브), 폴라 패튼(가로나)"
193328,"문소리(미연), 김선영(희숙), 장윤주(미옥)"
65842,"미즈타 와사비(도라에몽 목소리), 오오하라 메구미(노비타 목소리)"
69270,"공효진(명주), 신민아(명은)"
43516,"제이크 질렌할(잭 트위스트), 히스 레저(에니스 델마)"
103545,"서기(퇴마사 단소저), 문장(진현장), 황보(손오공)"
54565,"산드라 블록(마가렛 테이트), 라이언 레이놀즈(앤드류 팩스턴)"
41595,애덤 버처(랄프 월커)
69951,"카미키 류노스케(코이소 겐지 목소리), 사쿠라바 나나미(시노하라 나츠키 목소리)"
40112,"타카야마 미나미(에도가와 코난), 야마자키 와카나(모리 란)"
189373,"예수정(심효정), 기주봉(남동인), 김준경(이중호)"
51579,"루디 영블러드(표범 발), 모리스 버드옐로우헤드(부싯돌 하늘)"
35175,잭 니콜슨(워렌 슈미트)
102216,"마츠다 류헤이(마지메 미츠야), 미야자키 아오이(하야시 카구야), 오다기리 죠(니시오카 마사시)"
171465,"사샤 루스(안나), 킬리언 머피(레너드), 루크 에반스(알렉스)"
82540,"최민식(최익현), 하정우(최형배)"
31867,"니콜 키드먼(1923 - 버지니아 울프), 줄리안 무어(1951 - 로라 브라운), 메릴 스트립(2001 - 클라리사 본)"
61865,"모니카 블리브트리우(트라우드 크뤼거), 한나 헤르츠스프룽(제니 폰뢰벤)"
45253,"브리아나 에비건(앤디), 로버트 호프먼(체이스 콜린스), 애덤 G. 세바니(무스)"
69024,"코바야시 사토미(타에코), 이치카와 미카코(하루나), 카세 료(요모기)"
39841,"송강호(강두), 변희봉(희봉), 박해일(남일)"
37742,"브래드 피트(아킬레스), 에릭 바나(헥토르), 올랜도 블룸(파리스)"
12954,"키아누 리브스(토마스 ""네오"" 앤더슨), 로렌스 피시번(모피어스), 캐리 앤 모스(트리니티)"
98728,"테렌스 스탬프(아서), 바네사 레드그레이브(메리언), 젬마 아터튼(엘리자베스)"
38378,최민식(현우)
162471,"김어준(본인), 김재광(본인), 헨리 E. 브래디(본인)"
184520,"조이 킹, 조엘 코트니, 제이콥 엘로디"
43502,니콜라스 케이지(유리 오로프)
30889,"유오성(준석), 장동건(동수)"
31323,"김희선(와니), 주진모(준하)"
17498,"레오나르도 디카프리오(랭보), 데이빗 듈리스(폴 베를렌느), 로만느 보링거(마틸드)"
79439,류승범(배병우)
100924,"아네트 베닝(니키), 에드 해리스(톰), 로빈 윌리엄스(로저)"
65290,"오다기리 죠(보쿠), 키키 키린(오칸)"
11290,"장 르노(엔조), 쟝 마르 바(자크), 로잔나 아퀘트(조안나)"
50218,"이치하라 하야토(마마차리), 사사키 쿠라노스케(추자이산), 아소 구미코(카나코)"
149012,"피에르 니네이(아드리앵), 폴라 비어(안나)"
50176,"박용하(개인투자자, 강현수), 김민정(자산관리사, 유서연), 박희순(전직 조폭, 황종구)"
97692,"잭 블랙(포 목소리), 안젤리나 졸리(타이그리스 목소리), 더스틴 호프만(시푸 목소리)"
51158,"메릴 스트립(이혼녀, 제인), 스티브 마틴(건축가, 아담), 알렉 볼드윈(제인의 전남편, 제이크)"
50749,"키키 키린(토시코), 아베 히로시(료타), 나츠카와 유이(유카리)"
61701,"정진영(동구의 아빠 허진규), 최우혁(동구)"
144330,"폴 러드(스캇 랭 / 앤트맨), 에반젤린 릴리(호프 반 다인 / 와스프), 마이클 더글라스(행크 핌 박사)"
38908,"올랜도 블룸(발리앙), 에바 그린(시빌라 공주), 리암 니슨(고드프리)"
35900,"장진영(민희재), 박해일(서인하)"
38197,제임스 카비젤(예수 그리스도)
94506,"빌리 웅거(새미), 팻 캐롤, 카를로스 맥쿨러스 2세(레이)"
152632,"존 C. 라일리(랄프 목소리), 사라 실버맨(바넬로피 목소리), 제인 린치(칼훈 목소리)"
156477,"박영남(짱구 목소리), 양정화(덩덩이 목소리)"
101242,"이선(뽀로로), 이미자(크롱), 김환진(포비)"
101248,"제프리 러쉬(버질 올드먼), 짐 스터게스(로버트), 실비아 획스(클레어 이벳슨)"
66143,"벤 반스(캐스피언 왕자), 조지 헨리(루시 페벤시), 스캔다 케인즈(에드먼드 페벤시)"
139701,"박지영(미경), 조복래(개태)"
61273,"아만다 사이프리드(소피), 크리스토퍼 이건(찰리), 바네사 레드그레이브(클레어)"
159645,코히나타 후미요
134963,"라이언 고슬링(세바스찬), 엠마 스톤(미아)"
18046,"조문탁(정안), 웅흔흔(비룡), 상니(소연)"
11151,"줄리엣 비노쉬(미셸), 드니 라방(알렉스), 클라우스-마이클 그러버(한스)"
71901,"김재중(신재준), 한효주(조하나)"
92116,"시영준(올드넙치 /우럭1/횟집사장  목소리), 김현지(고등어/여자도다리/여고생1 목소리), 안영미(놀래미/도미/여고생2/꼬마아이 목소리)"
101962,"케이트 블란쳇(캐롤 에어드), 루니 마라(테레즈), 카일 챈들러(하지 에어드)"
39377,"샤를리즈 테론(조시 에이미스), 프란시스 맥도맨드(글로리)"
11810,"골디 혼(헬렌 샤프), 브루스 윌리스(닥터 어니스트 멘빌), 메릴 스트립(매들린 애쉬턴)"
123268,"사이먼 페그(잭), 레이크 벨(낸시)"
118922,"염정아(선희), 문정희(혜미), 김영애(순례여사)"
37073,"이케와키 치즈루(하루 목소리), 하카마다 요시히코(바론 / 훈베르트 폰 짓킨켄 남작 목소리)"
10065,"엘렌 버스틴(크리스 맥닐), 막스 폰 시도우(랭크스터 메린 신부), 린다 블레어(레건 테레사 맥닐)"
167638,"유해진(태수), 조진웅(석호), 이서진(준모)"
62699,"로빈 윌리엄스(레이몬/러브레이스/클리터스 목소리), 휴 잭맨(멤피스 목소리), 일라이저 우드(멈블 목소리)"
11093,"제프 골드브럼(세스 브런들), 지나 데이비스(베로니카), 존 게츠(스타디스 보랜스)"
72362,"사무엘 L. 잭슨(H), 캐리 앤 모스 (헬렌 브로디), 마이클 쉰(스티븐 아서 영거)"
51689,"메릴 스트립(알로이시스 수녀), 필립 세이모어 호프만(브렌단 플린 신부)"
66437,"아니카 노니 로즈(티아나 목소리), 브루노 캄포스(나빈 왕자 목소리), 키스 데이빗(닥터 파실리에 목소리)"
18487,"신은경(영은/방울), 한정현(길룡)"
31267,"벤 애플렉(Capt. 레이프 맥컬리), 조쉬 하트넷(Capt. 대니 월커), 케이트 베킨세일(간호사 Lt. 에블린 존슨)"
118370,"쉐일린 우들리(헤이즐 그레이스 랭커스터), 안셀 엘고트(어거스터스 워터스), 냇 울프(이삭)"
92412,"타카야마 미나미(에도가와 코난 목소리), 야마자키 와카나(모리 란 목소리), 코야마 리키야(모리 코고로 목소리)"
163386,"추티몬 추엥차로엔수키잉(린), 차논 산티네톤쿨(뱅크), 에이샤 호수완(그레이스)"
63879,"숀 비거스탭(벤 윌리스), 에밀리아 폭스(샤론 핀티)"
146548,"아베 히로시(료타), 키키 키린(요시코), 마키 요코(쿄코)"
92064,"폴 러드(스캇 랭 / 앤트-맨), 마이클 더글라스(행크 핌 박사), 에반젤린 릴리(호프 반 다인)"
133447,"엄상현(버디 목소리), 이장원(캄파 목소리), 이현(앵거스 목소리)"
128265,"김인권(일범), 박철민(철중), 이주실(옥님)"
44997,패트릭 스튜어트(나레이션)
38551,"가엘 가르시아 베르날(아르네스토 게바라), 로드리고 드 라 세르나(알베르토), 미아 마에스트로(셀리아)"
111527,"이르판 칸(사잔), 님랏 카우르(일라), 나와주딘 시디퀴(셰이크)"
66598,"견자단(형사반장, 준 마), 예성(토니), 고천락(화생〔윌슨〕)"
54435,엠마 톰슨(내니 맥피)
31066,"베니시오 델 토로(네 손가락 프랭키), 데니스 파리나(보스 에이브럼 코신 아비 데노비츠), 비니 존스(총알 이빨 토니)"
125447,"샘 워싱턴(맥 필립스), 옥타비아 스펜서(파파), 라다 미첼(낸 필립스)"
27255,"다카쿠라 켄(사토 오토마츠), 오타케 시노부(사토 시즈에), 히로스에 료코(사토 유키코)"
52429,"에드 해리스(미스터 스미스), 짐 스터게스(야누즈), 시얼샤 로넌(이레나)"
31708,"이연걸(류 지완), 브리짓 폰다(제시카 카멘), 체키 카료(리차드 수사관)"
169643,"아담 샌들러(드락 목소리), 셀레나 고메즈(마비스 목소리)"
127396,"비고 모텐슨(벤), 조지 맥케이(보), 사만다 이슬러(키엘러)"
90901,"치웨텔 에지오포(솔로몬 노섭), 마이클 패스벤더(에드윈 엡스), 베네딕트 컴버배치(포드)"
125401,"루이스 맥더겔(코너), 시고니 위버(할머니), 펠리시티 존스(엄마)"
99355,"김태우(인성), 예지원(유정)"
154288,"찰리 허냄(빠삐), 라미 말렉(드가)"
25578,"박중훈(우 형사), 안성기(장성민), 장동건(김 형사)"
31893,"감우성(준영), 엄정화(연희)"
58434,폴 워커(조이 가젤)
47359,"숀 패리스(제이크 테일러), 엠버 허드(바자 밀러)"
122596,"아담 샌들러(드락 목소리), 셀레나 고메즈(마비스 목소리), 케빈 제임스(프랑켄슈타인 목소리)"
98484,"리암 니슨(빌 막스), 줄리안 무어(젠 섬머스), 미셀 도커리(낸시)"
56058,"휴 잭맨(루퍼트 엔지어), 크리스찬 베일(알프레드 보든), 마이클 케인(커터)"
34449,"레이 로마노(맘모스, 맨프리드 목소리), 존 레귀자모(나무늘보, 시드 목소리), 데니스 리어리(호랑이, 디에고 목소리)"
174301,"하마츠 타카유키(히구라시 타카유키), 아키야마 유즈키(마츠모토 아이카), 나가야 카즈아키(카미야 카즈유키)"
64242,"앤 해서웨이(제인 오스틴), 제임스 맥어보이(톰 르프로이), 줄리 월터스(오스틴 부인)"
85606,"세실 드 프랑스(사만다), 토마 도레(시릴), 제레미 레니에(가이 카토울)"
61450,"제이미 폭스(커티스 테일러 주니어), 비욘세(디나 존스), 에디 머피(제임스 썬더 얼리)"
61101,"양조위(미스터 이), 탕웨이(왕치아즈/막 부인), 조안 첸(이 부인)"
82283,"제니퍼 로렌스(티파니), 브래들리 쿠퍼(팻 솔리타노), 로버트 드 니로(팻 아버지)"
205623,"니시지마 히데토시(가후쿠), 미우라 토코(미사키)"
46153,와타나베 켄(사에키 마사유키)
197520,밥 오덴커크(허치 맨셀)
43370,"레이프 파인즈(저스틴 퀘일), 레이첼 와이즈(테사 퀘일)"
144355,"카지 유우키(감바 목소리), 칸다 사야카(쇼지 목소리), 타카기 와타루(만푸쿠 목소리)"
47407,"제이슨 스타뎀(젠슨 에임즈), 타이레스(머신 건 조)"
168017,"에이미 슈머(르네 베넷), 미셸 윌리엄스(에이버리 클레어)"
89606,"임수정(연정인), 이선균(이두현), 류승룡(장성기)"
141259,"강동원(성민), 신은수(수린), 이효제(어린 성민)"
56447,"문소리(미라), 고두심(무신), 엄태웅(형철)"
91045,"고수(강일), 한효주(미수)"
11671,
13314,"홀리 헌터(에이다 맥그레스), 하비 케이틀(조지 베인스), 샘 닐(앨리스데어 스튜어트)"
109642,"덴젤 워싱턴(로버트 맥콜), 클로이 모레츠(테리), 마튼 초카스(테디)"
83865,"류예(유방), 오언조(항우), 장첸(한신)"
94766,"마이클 더글라스(빌리), 로버트 드 니로(패디), 모건 프리먼(아치)"
36506,"닉 캐논(데본 마일즈), 조 샐다나(래일라), J. 안소니 브라운(미스터 웨이드)"
17230,"아이린 베다드(포카혼타스 목소리), 주디 쿤(포카혼타스 노래), 멜 깁슨(존 스미스 목소리)"
65991,"문소리(미숙), 김정은(혜경), 엄태웅(대표팀 감독)"
57794,"예지원(최미자), 지현우(지현우), 김영옥(김영옥)"
73096,"달이(마음이), 성동일(혁필), 김정태(두필)"
44044,"손예진(여우비 목소리), 공형진(강 선생 목소리), 류덕환(황금이 목소리)"
134980,"루이스 C.K.(맥스 목소리), 에릭 스톤스트릿(듀크 목소리), 케빈 하트(스노우볼 목소리)"
118966,"맨디 파틴킨(파파 스머프 목소리), 데미 로바토(스머페트 목소리), 레인 윌슨(가가멜 목소리)"
41635,"박신혜(오이랑 목소리), 송창의(김철수 목소리), 오연서(한수민 목소리)"
19501,
32478,"히스 레저(지붕 수리공 아들 윌리암), 마크 애디(윌리암 친구 롤랜드), 루퍼스 스웰(애드해머)"
10758,"리버 피닉스(마이크 워터스), 키아누 리브스(스콧 페이버), 제임스 루소(리차드 워터스)"
24831,"크레이그 비에코(더글러스 홀), 그레첸 몰(제인 풀러), 빈센트 도노프리오(위트니/애시턴)"
39619,"폴 지아마티(마일즈), 토마스 헤이든 처치 (잭), 버지니아 매드슨(마야)"
122581,"미즈타 와사비(도라에몽 목소리), 오오하라 메구미(노비타(진구) 목소리), 카카즈 유미(시즈카 목소리)"
66317,"리 페이스(로이), 카틴카 언타루(알렉산드리아)"
114248,"벤 위쇼(패딩턴 목소리), 니콜 키드먼(밀리센트), 휴 보네빌(헨리 브라운)"
142730,"와타나베 켄(마키 요헤이), 모리야마 미라이(타나카 싱고), 마츠야마 켄이치(타시로 요헤이)"
150632,"사토 타케루(나/의문의 존재), 미야자키 아오이(첫사랑 그녀)"
43114,"나카무라 시도(야마다 켄타로), 이토 미사키(시라지마 미사키), 미야자키 아오이(미카 미카)"
130984,"엘르 패닝(펠리시 목소리), 데인 드한(빅터 목소리), 매디 지글러(까미유 목소리)"
38455,"코바야시 카오루, 시이나 깃페이, 카가와 테루유키"
23848,
97857,"크리스 프랫(스타로드/피터 제이슨 퀼), 조 샐다나(가모라), 데이브 바티스타(드랙스/아서 더글라스)"
156091,코바야시 카오루(마스터)
18015,"피어스 브로스넌(해리 댈턴), 린다 해밀턴(레이첼 완도)"
32240,"덴젤 워싱턴(아론조), 에단 호크(제이크)"
93757,"포레스트 휘태커(세실 게인즈), 오프라 윈프리(글로리아 게인즈), 로빈 윌리엄스(드와이트 아이젠하워)"
18429,"멜 깁슨(제리 플레처), 줄리아 로버츠(앨리스 슈턴)"
156675,"박지윤(겔다 목소리), 엄상현(올름 목소리), 남도형(로렌 목소리)"
81891,"하지원(현정화), 배두나(리분희)"
189046,"조현정(신비 목소리), 양정화(금비 목소리), 김영은(하리 목소리)"
131637,안도 사쿠라(이치코)
149505,"하성용(바나클), 정재헌(콰지), 엄상현(페이소)"
65902,"아야세 하루카(그녀), 코이데 케이스케(나, 키타무라 지로)"
84034,"대니 드비토(로렉스 목소리), 잭 에프론(테드 위긴스 목소리), 에드 헬름스(윈슬러 목소리)"
18572,
87311,"제이미 폭스(장고), 크리스토프 왈츠(닥터 킹 슐츠), 레오나르도 디카프리오(캘빈 캔디)"
186348,"카타요세 료타(미나토 히나게시 목소리), 카와에이 리나(히나코 무카이미즈 목소리)"
47408,"카미키 류노스케(리틀 DJ, 타카노 타로), 후쿠다 마유코(우미노 타마키)"
136842,"크리스찬 베일(마이클 버리), 스티브 카렐(마크 바움), 라이언 고슬링(자레드 베넷)"
154980,"이민지(소현), 구교환(제인), 이주영(지수)"
68501,"오구리 슌(이에모토), 코이데 케이스케(스네이크)"
129282,실베스터 스탤론(람보)
17692,"톰 행크스(짐 러벨), 케빈 베이컨(잭), 빌 팩스톤(프레드)"
122602,"이노우에 마오(시로노 미키), 아야노 고(아카호시 유지)"
132946,"박해준(광수), 이항나(정애), 유재상(준호)"
191560,"로버트 패틴슨, 톰 홀랜드, 세바스찬 스탠"
34519,"마이크 마이어스(슈렉 목소리), 에디 머피(당나귀 목소리), 카메론 디아즈(피오나 목소리)"
78851,"손예진(여리), 이민기(조구)"
29712,"주윤발(리무바이), 양자경(수련), 장쯔이(용)"
126961,"이문식(성욱), 배소은(하숙), 김나미(나주)"
151744,"제니퍼 로렌스(도미니카 예고로바), 조엘 에저튼(네이트 내쉬), 마티아스 쇼에나에츠(반야 예고로브)"
114293,"루니 마라, 마틴 쉰, 릭슨 테베즈"
65893,"닐 패트릭 해리스(조한), 소피아 베르가라"
17058,"막문위(금발/펑키/베이비), 금성무(하지무), 양채니(체리/찰리)"
96911,"엄정화(하경), 김상경(청호), 송영창(한철)"
70118,"마츠모토 리카(사토시), 오오타니 이쿠에(피카츄), 우에다 유지(다케시)"
67366,"프레디 하이모어(자레드 그레이스/사이몬 그레이스), 메리-루이스 파커(헬렌 그레이스), 닉 놀테(물가래스 목소리)"
136898,"마크 라이런스(제임스 도노반 할리데이 / 아노락), 사이먼 페그(오르젠 모로우 / Og), 올리비아 쿡(사만다 에벨린 쿡 / 아르테미스)"
123298,"마리옹 꼬띠아르 (산드라), 파브리지오 롱기온(마누), 올리비에 구르메(장-마크)"
143379,"매튜 맥커너히(케니), 에드가 라미레즈(마이크), 브라이스 달라스 하워드(케이)"
81967,"제이크 질렌할(빌리 호프), 레이첼 맥아담스(모린 호프), 우나 로렌스(레일라 호프)"
187526,"티모시 샬라메(할 (헨리 5세)), 조엘 에저튼(존 팔스타프)"
149757,"제레미 레너(코리 램버트), 엘리자베스 올슨(제인 밴너)"
68217,"설경구(강력반 꼴통형사, 강철중), 정재영(거성그룹 회장, 이원술)"
103797,"안재홍(홍만섭), 황승언(안나), 정우식(강민)"
99740,"앤디 서키스(시저), 게리 올드만(드레퓌스), 제이슨 클락(말콤)"
34969,"리차드 기어(에드 섬너), 다이안 레인(코니 섬너), 올리비에 마르티네즈(폴 마텔)"
18563,데미 무어(Lt. 조단 오닐)
158611,시얼샤 로넌(크리스틴 '레이디 버드' 맥퍼슨)
101950,"호아킨 피닉스(테오도르), 에이미 아담스(에이미), 루니 마라(캐서린)"
48690,"존 빌링슬리(해리), 엘렌 크로포드(에디스), 윌리엄 캇(아트)"
17025,"짐 캐리(로이드 크리스마스), 제프 다니엘스(해리 던)"
112082,"견자단(엽문), 슝다이린(장영성), 장진(장천지)"
25670,"이완 맥그리거(커트 와일드), 조나단 리스 마이어스(브라이언 슬레이드), 크리스찬 베일(아서 스튜어트)"
74610,"오웬 윌슨(길), 마리옹 꼬띠아르(아드리아나), 레이첼 맥아담스(이네즈)"
33048,"제임스 카비젤(에드몬드 단테스), 가이 피어스(페르난도 몬데고), 리처드 해리스(아베 파리아)"
38547,마이클 무어(본인)
37938,"잭 니콜슨(해리 샌본), 다이안 키튼(에리카 배리)"
18933,"팀 커리, 수잔 서랜든, 베리 보스트윅"
47088,"와그너 모라, 카이오 준쿠에이라"
17744,"수잔 서랜든, 숀 펜"
97629,"엘런 드제너러스(도리 목소리), 앨버트 브룩스(말린 목소리), 에드 오닐(행크 목소리)"
75724,"이선균(정배), 최강희(다림)"
191914,베네딕트 컴버배치(그레빌 윈)
140895,"닛타 에미(코우사카 호노카), 난죠 요시노(아야세 에리), 우치다 아야(미나미 코토리)"
63483,"마츠유키 야스코(히라야마 마도카), 토요카와 에츠시(타니카와 요지로), 아오이 유우(타니카와 키미코)"
149512,"정우(이준영), 강하늘(조현우), 김해숙(순임)"
92047,"니콜라스 홀트(알(R)), 테레사 팔머(줄리), 존 말코비치(그리지오 장군)"
39479,성룡(진국영)
137971,"크리스 파인(토비 하워드), 벤 포스터(태너 하워드), 제프 브리지스(마커스 해밀턴)"
66034,"다니엘 데이 루이스(다니엘 플레인뷰), 폴 다노(폴 선데이/엘리 선데이)"
136686,"임시완(한상렬), 고아성(박주미)"
37686,"러셀 크로우(잭 오브리 선장), 폴 베타니(의사 스티븐 매튜린)"
167651,"류승룡(고반장), 이하늬(장형사), 진선규(마형사)"
49957,"카레 헤레브란트(오스칼), 리나 레안데르손(엘리), 카린 베그퀴스트(이본느)"
72443,"알렉세이 구스코프(안드레이의 필리포프 역), 드미트리 나자로브(샤샤 그로스맨 역)"
137915,"에밀리아 클라크(루이자), 샘 클라플린(윌)"
82142,"짐 캐리(톰 팝퍼), 칼라 구기노(아만다), 안젤라 랜즈베리(미시즈 반 건디)"
49380,킬리언 머피(데미엔)
62742,"성룡(뚱땅), 고천락(난봉)"
35733,"안소니 홉킨스(한니발 렉터), 에드워드 노튼(윌 그래험)"
104331,"케이트 블란쳇(재스민), 알렉 볼드윈(할), 샐리 호킨스(진저)"
109957,"곽부성(통타오 검사), 니홍지에(수 홍), 순홍레이(린타이)"
33062,니콜 키드먼(그레이스 스튜어트)
92505,"장-루이 트린티냥(조르주), 엠마누엘 리바(안느), 이자벨 위페르(에바)"
99799,"조쉬 더하멜(알렉스 웨들리), 줄리안 허프(케이티 펠드만), 코비 스멀더스(조)"
97816,"마틴 프리먼(빌보 배긴스), 이안 맥켈런(간달프), 리처드 아미티지(소린 오큰실드)"
40208,"애쉬튼 커쳐(올리버 마틴), 아만다 피트(에밀리 프리엘)"
18730,"도미니크 호위츠(프리츠 라이서), 토마스 크레취만(한스 본 위츠랜드), 조컨 니켈"
134134,"야쿠쇼 코지(쿠마테츠 목소리), 미야자키 아오이(큐타 (소년시절) 목소리), 소메타니 쇼타(큐타 (청년시절) 목소리)"
72406,박지윤(나레이션)
130943,"잭 에프론(콜 카터), 에밀리 라타이코프스키(소피)"
36853,"니콜라스 케이지, 샘 락웰, 알리슨 로먼"
161967,"송강호(기택), 이선균(동익), 조여정(연교)"
179430,"류이호(K), 진의함(크림)"
118367,"빌 머레이(세인트 빈센트 반 누이스), 나오미 왓츠(다카), 멜리사 맥카시(매기)"
53902,"샘 락웰(샘 벨), 케빈 스페이시(거티 목소리)"
103241,"야지마 아키코(노하라 신노스케 목소리), 후지와라 케이지(노하라 히로시 목소리), 나라하시 미키(노하라 미사에 목소리)"
74566,"마틴 프리먼(빌보), 이안 맥켈런(간달프), 리처드 아미티지(소린 오큰실드)"
76103,"마츠 다카코(모리구치 유코), 오카다 마사키(테레다 타카하시), 기무라 요시노(나오키의 엄마)"
72524,"사카이 마사토(니시무라 준), 코라 켄고"
120759,"줄리안 무어(앨리스), 알렉 볼드윈(존 하울랜드), 크리스틴 스튜어트(리디아)"
62799,"프레디 하이모어(아더), 미아 패로(그래니)"
97747,"알렉산더 스카스가드(데릭), 제이슨 베이트먼(리치), 폴라 패튼(신디)"
154293,"마고 로비(토냐 하딩), 세바스찬 스탠(제프 길롤리)"
136868,"펠리시티 존스(진 어소), 디에고 루나(카시안 안도르), 매즈 미켈슨(겔렌 어소)"
133424,"제이크 질렌할(데이비스), 나오미 왓츠(캐런), 크리스 쿠퍼(필)"
62167,"김강우(성찬), 임원희(봉주), 이하나(진수)"
164102,"김향기(영주), 김호정(향숙), 유재명(상문)"
51690,"콜린 퍼스(조지), 줄리안 무어(찰리)"
19078,"레오나르도 디카프리오(루이 14세/필립), 제레미 아이언스(아라미스), 존 말코비치(아토스)"
110125,"후지이 유키요(파테마 목소리), 오카모토 노부히코(에이지 목소리), 오오하타 신타로(포르타 목소리)"
196215,프란시스 맥도맨드(펀)
68035,"키이라 나이틀리(세실리아 탤리스), 제임스 맥어보이(로비 터너)"
153964,"이리노 미유(이시다 쇼야 목소리), 하야미 사오리(니시미야 쇼코 목소리)"
70992,"애런 존슨(데이브 리쥬스키 / 킥 애스), 클로이 모레츠(민디 맥크레디 / 힛-걸), 니콜라스 케이지(데이먼 맥크레디)"
10453,"앤 밴크로프트(로빈슨 부인), 더스틴 호프만(벤자민 브래드독), 캐서린 로스(엘레인 로빈슨)"
85351,"제이크 질렌할(브라이언 테일러 ), 마이클 페나(마이크 자발라 ), 안나 켄드릭(자넷)"
44022,"오다기리 죠(하루히코), 시바사키 코우(사오리), 타나카 민(히미코)"
19529,
38318,조쉬 하트넷(매튜)
81028,"폴 러드(네드), 주이 디샤넬(나탈리), 엘리자베스 뱅크스(미란다)"
78790,"정재영(최형구), 박시후(이두석)"
62175,"덴젤 워싱톤(프랭크 루카스), 러셀 크로우(리치 로버츠)"
19334,
30343,"멜 깁슨, 헬렌 헌트"
47587,"빈 디젤(도미닉 토레토), 폴 워커(브라이언 오코너), 미셸 로드리게즈(레티)"
118395,"리즈 위더스푼(셰릴 스트레이드), 로라 던(바비), 토머스 새도스키(폴)"
22012,
10546,"장국영(아비), 장만옥(수리진), 유덕화(경찰관)"
124238,"사무엘 L. 잭슨(현상금 사냥꾼), 커트 러셀(교수형 집행인), 제니퍼 제이슨 리(여죄수)"
37049,"마크 월버그(찰리 크로커), 샤를리즈 테론(스텔라), 에드워드 노튼(스티브)"
37355,"이성재(풍식), 박솔미(연화), 김수로(제비, 만수)"
100076,"마츠모토 준(오쿠다 코스케), 우에노 주리(와타라이 마오)"
112666,"양동근(본인), 정준(본인(내레이션)), 김유미(본인)"
152396,"오웬 윌슨(라이트닝 맥퀸 목소리), 크리스텔라 알론조(크루즈 라미레즈 목소리), 아미 해머(잭슨 스톰 목소리)"
76014,"장-클로드 돈다, 에일리 란킨, 던컨 맥닐"
39368,"가엘 가르시아 베르날, 펠레 마르티네즈, 다니엘 기메네즈 카쵸"
136821,"이성민(해관 (아버지)), 이희준(진호), 이하늬(지연)"
121047,"류세이 료, 사이토 슈스케, 킨죠 야마토"
114139,"신재승(안하늘), 김태윤(진명호), 박연주(최세진)"
95203,"멜비 푸포(로렌스 아리아), 쉬잔느 클레먼트(프레드 비레어), 나탈리 베이(로렌스의 어머니)"
154029,"미야자와 리에, 스기사키 하나, 오다기리 죠"
180382,"장동윤(태일), 염혜란(어머니(이소선 여사)), 진선규(아버지)"
189028,"프랑수아 시빌, 오마 사이"
184318,"스칼릿 조핸슨(나타샤 로마노프 / 블랙 위도우), 플로렌스 퓨(옐레나 벨로바), 레이첼 와이즈(멜리나 보스토코프)"
35388,"하비에 카마라(베니뇨), 다리오 그란디네티(마르코)"
158623,"다니엘 래드클리프(요시 긴스버그), 토마스 크레취만(칼), 알렉스 러셀(케빈)"
167599,"제이슨 서디키스(레드 목소리), 조시 게드(척 목소리), 대니 맥브라이드(밤 목소리)"
143435,"틸다 스윈튼(루시/낸시 미란도), 폴 다노(제이), 안서현(미자)"
46874,"이노우에 마오(츠쿠시 마키노), 마츠모토 준(도묘지 츠카사), 오구리 슌(루이 하나자와)"
165514,"김미랑(소피아 공주 목소리), 서지연(앰버 공주 목소리)"
132627,"윌 아넷(배트맨 / 브루스 웨인 목소리), 랄프 파인즈(알프레드 페니워스 목소리), 로사리오 도슨(배트걸 / 바바라 고든 목소리)"
168779,"나카야마 미호(료코), 김재욱(찬해)"
50278,"차승원(김선호), 조이진(이연화), 심혜진(서경주)"
36337,"콜린 파렐(스투 세퍼드), 포레스트 휘테커(Captain 레미), 키퍼 서덜랜드(통화자/저격수)"
167658,"펠리시티 존스(어밀리아), 에디 레드메인(제임스)"
76580,토미자와 카자토(고바야시 마코토(목소리))
140695,"유해진(형욱), 이준(재성), 조윤희(리나)"
84349,"라이언 고슬링(루크), 브래들리 쿠퍼(에이버리 크로스), 에바 멘데스(로미나)"
129383,"에바 그린(페레그린), 에이사 버터필드(제이크), 사무엘 L. 잭슨(바론)"
181711,"이나미 안쥬(타카미 치카 목소리), 아이다 리카코(사쿠라우치 리코 목소리), 스와 나나카(마츠우라 카난 목소리)"
144578,"김태리(문영), 정현(희수)"
25633,"알 파치노(로웰 버그만), 러셀 크로우(닥터 제프리 위갠드)"
190320,"변요한(서준), 김무열(곽프로), 김희원(이규호)"
38789,모건 스펄록(본인)
32026,"시고니 위버(맥스 코너스), 제니퍼 러브 휴이트(페이지 코너스)"
126386,"엄상현(미르 목소리), 시영준(제스타 목소리), 안장혁(발드 목소리)"
56362,"킬리언 머피(패트릭 키튼 브래든), 스티븐 레아(버티)"
10107,"로버트 레드포드(데니스), 메릴 스트립(카렌)"
10501,"말론 브란도(월터 E. 커츠 대령), 로버트 듀발(빌 킬고어 중령), 마틴 쉰(벤자민 L. 윌라드 대위)"
124201,"권상우(강대만), 성동일(노태수)"
190720,"매튜 맥커너히(믹키 피어슨), 휴 그랜트(플레처), 콜린 파렐(코치)"
46528,"숀 펜(하비 밀크), 조슈 브롤린(댄 화이트), 에밀 허쉬(클리브 존스)"
28465,"마츠시마 나나코(아사카와 레이코), 나카타니 미키(타카노 마이), 사나다 히로유키(타카와마 류지)"
93756,"최민식(이순신), 류승룡(구루지마), 조진웅(와키자카)"
39769,"이완 맥그리거(로드니 목소리), 할리 베리(캐피 목소리)"
146526,"강지웅(본인), 권성민(본인), 권석재(본인)"
137952,"송강호(이정출), 공유(김우진)"
122489,"닐 세티(모글리), 빌 머레이(발루 목소리), 스칼릿 조핸슨(카아 목소리)"
167054,"글렌 클로즈(조안 캐슬먼), 조나단 프라이스(조셉 캐슬먼)"
104478,"잭 오코넬(루이 잠페리니), 도널 글리슨(필), 가렛 헤드룬드(존 피츠제럴드)"
44449,"사라 팩스톤(아쿠아마린), 엠마 로버츠(클레어), 조애너 조조 레베스크(헤일리)"
17724,"산드라 블록(앨런), 사무엘 L. 잭슨(칼리 해일리), 매튜 맥커너히(제이크)"
129333,"톰 행크스(제임스 도노반), 마크 라이런스(루돌프 아벨), 오스틴 스토웰(프렌시스 게리 파워스)"
88461,"레오나르도 디카프리오(제이 개츠비), 캐리 멀리건(데이지 뷰캐넌), 토비 맥과이어(닉 캐러웨이)"
49783,"츠마부키 사토시(빙고), 아야세 하루카(시카마 나츠코), 사토 코이치(무라타 타이키)"
99094,"윌 페렐(프레지던트 비지니스 목소리), 리암 니슨(배드캅 / 굿캅 목소리), 알리슨 브리(유니키티 목소리)"
144984,"레이첼 와이즈(데보라 립스타트), 티모시 스폴(데이빗 어빙), 톰 윌킨슨(리처드 램프턴)"
163832,벤 스틸러(브래드 슬론)
94503,"매튜 맥커너히(머드), 타이 쉐리던(엘리스), 리즈 위더스푼(주니퍼)"
68945,"제레미 레너(Sergeant First Class 윌리엄 제임스), 안소니 마키(Sergeant JT 샌본), 브라이언 게라그티(Specialist 오웬 엘드리지)"
196389,"밀리 바비 브라운, 헨리 카빌, 샘 클라플린"
32900,"리즈 위더스푼(엘 우즈), 루크 윌슨(에멧 리치몬드)"
178067,"윌렘 대포(빈센트 반 고흐), 오스카 아이삭(폴 고갱), 매즈 미켈슨(사제)"
19076,"에단 호크(핀 벨), 기네스 팰트로(에스텔라)"
173840,"유태오(빅토르 최), 로만 빌릭(마이크), 이리나 스타르셴바움(나타샤)"
167605,"맥켄지 데이비스(그레이스), 아놀드 슈왈제네거(터미네이터), 린다 해밀턴(사라 코너)"
66381,"메릴 스트립(도나), 피어스 브로스넌(샘 카마이클), 콜린 퍼스(해리 브라이트)"
11088,"키아누 리브스(FBI 특수요원 존 자니 유타), 패트릭 스웨이지(보디)"
118384,"미셸 모나한(아만다 콜리어), 제임스 마스던(도슨 콜), 라이아나 리버라토(어린 아만다)"
53152,"조셉 고든 레빗(톰), 주이 디샤넬(썸머)"
31922,"박신양(재규), 정진영(청명)"
185285,"다니엘 오떼유(빅토르), 기욤 까네(앙투안), 도리아 틸리에(마고)"
78294,"멜라니 그리피스(타이라(다이노맘) 목소리), 제인 린치(수(엄마) 목소리), 윌리암 볼드윈(사르코형제 목소리)"
134136,"김선혜(코난 목소리), 강수진(남도일 목소리), 신용우(괴도키드 목소리)"
49483,"김윤석(형사, 조필성), 정경호(탈옥수, 송기태), 견미리(조 형사 아내)"
117786,제이크 질렌할(루이스 블룸)
68073,"이안 맥켈런(간달프), 마틴 프리먼(빌보 배긴스), 리처드 아미티지(소린)"
36742,"제시카 알바(허니 다니엘즈), 메키 파이퍼(채즈), 로미오 밀러(베니)"
152680,"조슈 브롤린(맷 그레이버), 베니시오 델 토로(알레한드로 길릭), 이사벨라 모너(이사벨라 레예스)"
66102,"크리스찬 베일(댄 에반스), 러셀 크로우(벤 웨이드)"
140652,"박보영(환승희), 김영광(황우연)"
129049,"맷 데이먼(마크 와트니), 제시카 차스테인(멜리사 루이스), 세바스찬 스탠(크리스 벡)"
29797,"비요크(셀마 제스코바), 까뜨린느 드뇌브(캐시), 데이빗 모스(빌 휴스턴)"
189118,"이봉근(학규), 이유리(간난), 김하연(청이)"
67195,"카메론 디아즈(조이 맥낼리), 애쉬튼 커쳐(잭 풀러)"
18353,
164101,"디오(로기수), 자레드 그라임스(잭슨), 박혜수(양판래)"
96910,"니시지마 히데토시(이시가미 타케토/오진우), 김효진(강지원)"
160750,"후쿠야마 쥰, 스기타 토모카즈, 이토 시즈카"
135807,"심규혁(한별 / 트레인1호 목소리), 이인석(안경 / 트레인2호 목소리), 강시현(장미 / 트레인3호 목소리)"
51786,브래드 피트(빌리 빈)
65923,마리옹 꼬띠아르 (에디트 피아프)
189053,"조진웅(양민혁), 이하늬(김나리)"
50721,"벤노 퓨어만(토니 쿠르츠), 플로리안 루카스(앤디 히토이서)"
44006,"피터 샐리스(월레스 목소리), 랄프 파인즈(로드 빅터 쿼터메인 목소리), 헬레나 본햄 카터(레이디 토팅턴 목소리)"
52996,"코라 켄고(나리오), 미야자키 아오이(메이코)"
56065,"로사리오 도슨(미미 마퀘즈), 타이 딕스(벤자민 코핀 3세), 윌슨 저메인 헤르디아(엔젤 더못 슈나드)"
134133,"아오이 유우(앨리스 목소리), 스즈키 안(하나 목소리)"
16121,"톰 행크스(앤드류 벡켓), 덴젤 워싱턴(조 밀러)"
129459,"하시모토 아이(이치코), 마츠오카 마유(키코), 미우라 타카히로(유우타)"
118323,이정현(수남)
152625,"라이언 레이놀즈(마이클 브라이스), 사무엘 L. 잭슨(다리우스 킨케이드)"
73074,"우에노 쥬리(노다 메구미), 타마키 히로시(치아키 신이치)"
74453,"유다인(혜화), 유연석(한수)"
129164,"저스틴 플레쳐(숀/티미 목소리), 존 스파크스(농부/비처 목소리), 오미드 다릴리(트럼퍼 목소리)"
27564,"존 쿠삭(크레이그 슈와츠), 카메론 디아즈(로테 슈와츠), 캐서린 키너(맥신 런드)"
69689,"레오나르도 디카프리오(테디 다니엘스), 마크 러팔로(척 아울)"
101062,"드웨인 존슨(존 매튜), 수잔 서랜든(조앤 키한), 존 번탈(다니엘 제임스 )"
168045,크리스찬 베일(딕 체니)
109971,"엘르 패닝(위니 목소리), 아이작 햄스터드 라이트(에그 목소리)"
74736,"차태현(승호), 유오성(윤조교사), 박하선(윤희)"
136845,"메릴 스트립(플로렌스), 휴 그랜트(베이필드), 사이몬 헬버그(맥문)"
99769,"츠마부키 사토시(히라야마 쇼지), 아오이 유우(마미야 노리코), 하시즈메 이사오(히라야마 슈키치)"
145376,
34190,"류승범(중필), 임은경(민희), 공효진(나영)"
187787,"진비우(위화이), 하람두(겅겅)"
34501,"설경구(강인찬 - 684부대 제3조장), 안성기(최재현 준위), 허준호(조 중사)"
38364,"사라 폴리(안나), 빙 라메스(케네스), 제이크 웨버(마이클)"
51781,"권상우(케이), 이보영(크림), 이범수(주환)"
125423,"치웨텔 에지오포(마이클), 케이시 애플렉(크리스), 케이트 윈슬렛(아이리나)"
75241,"하비에르 바르뎀(욱스발), 마리셀 알바레즈(마람브라), 에두아드 페르난데즈(티토)"
14425,"실베스터 스탤론(존 스파탄), 웨슬리 스나입스(사이몬 피닉스)"
108734,"주디 덴치(필로미나), 스티브 쿠건(마틴 식스미스), 시모네 라비브(케이트 식스미스)"
170859,"아야세 하루카(미유키), 사카구치 켄타로(켄지)"
10068,"케빈 코스트너(엘리어트 네스), 찰스 마틴 스미스(오스카 월러스 요원), 앤디 가르시아(조지 스톤)"
11757,씨씨 스페이식(캐리 화이트)
95808,"로버트 드 니로(프레드 블레이크 / 조반니 만조니), 미셸 파이퍼(매기 블레이크), 토미 리 존스(로버트 스탠스필드)"
148996,"야마자키 켄토(하세 유우키), 카와구치 하루나(후지미야 카오리)"
38384,"원빈(종현), 신하균(성현), 김해숙(어머니)"
84843,"저스틴 롱(앨빈 목소리), 제이슨 리(데이브), 매튜 그레이 구블러(사이먼 목소리)"
159892,"권상우(강대만), 성동일(노태수), 이광수(여치형)"
56225,"줄리아 로버츠(샬롯 A. 카바티카 목소리), 다코타 패닝(펀), 스티브 부세미(템플턴 목소리)"
34431,"이연걸(무명), 양조위(파검), 장만옥(비설)"
53350,"캐서린 헤이글(애비), 제라드 버틀러(마이크)"
66725,"김선혜(코난 한국어 목소리), 강수진(남도일 한국어 목소리), 이현진(유미란 한국어 목소리)"
12918,"톰 행크스(샘 볼드윈), 멕 라이언(애니 리드)"
100015,"타이 버렐(Mr. 피바디 목소리), 맥스 찰스(셔먼 목소리), 아리엘 윈터(페니 피터슨 목소리)"
191143,"샤를리즈 테론(메긴 켈리), 니콜 키드먼(그레천 칼슨), 마고 로비(케일라 포스피실)"
24522,
17116,"케빈 코스트너, 진 트리플혼, 데니스 호퍼"
52245,"브래드 피트(소위. 엘도 레인), 멜라니 로랑(쇼산나 드레이퍼스), 크리스토프 왈츠(대령. 한스 란다)"
106522,"김희애(현숙), 고아성(만지), 김유정(화연)"
38319,"에밀 허쉬(매튜), 엘리샤 커스버트(다니엘), 티모시 올리펀트(캘리)"
142625,"엄지원(지선), 공효진(한매)"
52551,"브루스 윌리스(너구리 RJ 목소리), 게리 샌드링(거북이 번 목소리), 스티브 카렐(해미 목소리)"
89755,"휴 잭맨(장발장), 앤 해서웨이(판틴), 러셀 크로우(자베르)"
68258,"토미 리 존스(행크 디어필드), 샤를리즈 테론(에밀리 샌더스)"
97612,"랄프 파인즈(M. 구스타브), 틸다 스윈튼(마담 D.), 토니 레볼로리(제로)"
144968,"맷 데이먼(제이슨 본), 알리시아 비칸데르(헤더 리), 뱅상 카셀"
185912,"이완 맥그리거(대니 토렌스), 레베카 퍼거슨(로즈 더 햇), 카일리 커란(아브라 스톤)"
19459,
83546,"안토니오 반데라스(장화 신은 고양이 목소리), 셀마 헤이엑(말랑손 키티 목소리), 자흐 갈리피아나키스(험티 덤티 목소리)"
88494,"토요사키 아키(히라사와 유이 목소리), 히카사 요코(아키야마 미오 목소리), 사토 사토미(타이나카 리츠 목소리)"
129096,"안보현(이진상), 호야(이진호), 박철민(최동팔)"
19503,"로빈 윌리엄스, 쿠바 구딩 쥬니어, 아나벨라 시오라"
133496,"조셉 파인즈(클라비우스), 톰 펠튼(루시우스), 클리프 커티스(예슈아)"
137347,"하시모토 아이(이치코), 마츠오카 마유(키코), 미우라 타카히로(유우타)"
134891,"김정균(원술), 오예설(자야)"
125405,"조셉 고든 레빗(펠리페 페팃), 벤 킹슬리(파파 루디), 샬롯 르 본(애니)"
53307,"조지 클루니(라이언 빙햄), 베라 파미가(알렉스 고란), 안나 켄드릭(나탈리 키너)"
47425,"앨리슨 미칼카(샬롯 뱅크세스크스), 바네사 허진스(샘), 갤란 코넬(윌 버튼)"
38572,"제니퍼 가너(제나 링크), 마크 러팔로(맷)"
94300,"마리옹 꼬띠아르 (스테파니), 마티아스 쇼에나에츠(알리), 아만드 버저(샘)"
65113,마크 월버그(밥 리 스웨거)
86823,"로셀린 샌체즈(모랄레스), 네스터 세라노, 제이슨 코틀(아부 샤발)"
54704,"베라 파미가(케이트 콜맨), 피터 사스가드(존 콜맨), 이사벨 퍼만(에스더)"
125439,"데이브 프랭코(로이드 목소리), 올리비아 문(코코 목소리), 저스틴 서룩스(가마돈 목소리)"
10636,크리스찬 베일(짐)
55405,"박용우(황대우), 최강희(이미나), 조은지(백장미)"
32667,"송강호(동진), 신하균(류), 배두나(영미)"
37974,"주현(아버지 주석), 수애(이정은)"
175318,"타카스기 마히로(나 목소리), 린(사쿠라 목소리)"
91606,"김래원(유일한), 이성민(희석), 조안(성희)"
65840,"김영철(황남철), 다니엘 헤니(제임스 파커)"
66584,"레오나르도 디카프리오(프랭크 윌러), 케이트 윈슬렛(에이프릴 윌러)"
79315,"제레미 어바인(알버트), 베네딕트 컴버배치(스튜어트), 톰 히들스턴(니콜스)"
130344,"김꽃비(아영), 전신환(태호)"
173123,"톰 홀랜드(피터 파커 / 스파이더맨 ), 사무엘 L. 잭슨(닉 퓨리), 젠데이아 콜먼(미쉘 존스)"
23847,
60022,"츠치야 안나(키요하), 시이나 깃페이(쿠라노스케)"
137884,"박경혜(민호 한국어 목소리), 홍범기(위스퍼 한국어 목소리), 김현지(지바냥 한국어 목소리)"
71486,"톰 크루즈(로이 밀러), 카메론 디아즈(준 헤이븐스)"
110333,"밀라 요보비치(앨리스), 알리 라터(클레어 레드필드), 이아인 글렌(알렉산더 박사)"
102028,"탕웨이(쟈쟈), 오수파(프랭크)"
34532,"다케노우치 유타카(아가타 준세이), 진혜림(아오이)"
140139,"조슈아 J. 발라드(뮨), 오마 사이(소혼), 트레버 드볼(소혼)"
93028,"공유(지동철), 박희순(민세훈), 조성하(김석호)"
39441,"정재영(신토불이 쑥맥 만택), 수애(우즈베키스탄 현지 통역관 김라라), 유준상(농촌계 작업맨 희철)"
167637,르네 젤위거(주디 갈란드)
113165,"아가타 트르제부초우스카(안나), 아가타 쿠레샤(완다 루즈), 요안나 쿨릭"
171785,"염정아(영주), 김소진(미희), 김혜준(주리)"
60480,"김명민(류재우), 유준상(강욱환), 김태우(오치훈)"
141104,"하정우(정수), 배두나(세현), 오달수(대경)"
37642,토니 자(팅)
28845,"송강호(대호), 장진영(민영)"
149747,"콜린 퍼스(해리 하트), 줄리안 무어(포피), 태런 에저튼(에그시)"
142803,"조정석(고두식), 디오(고두영), 박신혜(이수현)"
150097,"브라이언 크랜스톤(치프 목소리), 코유 랜킨(아타리 목소리), 리브 슈라이버(스파츠 목소리)"
98483,"리암 니슨(마이클), 밀라 쿠니스(줄리아), 애드리언 브로디(스콧)"
151153,"제이슨 모모아(아서 커리 / 아쿠아맨), 앰버 허드(메라), 니콜 키드먼(아틀라나 여왕)"
69099,"힐러리 스웽크(홀리 케네디), 제라드 버틀러(게리 케네디)"
135874,"톰 홀랜드(피터 파커/스파이더맨), 마이클 키튼(아드리안 툼즈/벌처)"
66820,"미즈하시 켄지(토오노 타카키 목소리), 하나무라 사토미(스미타 카나에 목소리), 오노우에 아야카(시노하라 아키라 목소리)"
114142,"주영호, 오연재, 김수지"
148863,안도 다다오(본인)
52498,"이수혁(소년), 김민지(소녀)"
110649,"케빈 코스트너(써니 위버 주니어), 제니퍼 가너(알리), 톰 웰링(브라이언 드류)"
42842,"조니 뎁(빅터 목소리), 헬레나 본햄 카터(코프스 브라이드 목소리)"
122197,"짐 파슨스(오 목소리), 리아나(팁 목소리), 제니퍼 로페즈(루시 목소리)"
26350,"최민식(서민기), 전도연(최보라), 주진모(김일범)"
10073,"오드리 헵번(홀리), 조지 페파드(폴)"
94767,"손예진(덕혜옹주), 박해일(김장한)"
49637,송삼동(혁진)
54349,"윤제문(상수), 서태화(민석), 김인권(순대남)"
63969,"고바야시 사토미(사치에), 카타기리 하이리(미도리)"
124288,"휴 그랜트(키스 마이클스), 마리사 토메이(홀리 카펜터), 앨리슨 제니(메리 웰던)"
86843,"틸다 스윈튼(에바), 에즈라 밀러(케빈), 존 C. 라일리(프랭클린)"
158645,"다니엘 데이 루이스(레이놀즈 우드콕), 빅키 크리엡스(알마)"
20308,"이와타 미츠오(카네다 쇼타로 목소리), 사사키 노조무(시마 테츠오 목소리)"
101963,"릴리 제임스(신데렐라), 리차드 매든(왕자), 케이트 블란쳇(계모)"
175039,"매즈 미켈슨(오버가드), 마리아 델마 스마라도티르(어린 여자)"
147945,"이자벨 위페르(나탈리), 에디뜨 스꼽(이베트)"
47414,송강호(강인구)
193804,"다니엘 래드클리프(팀), 다니엘 웨버(스티븐)"
18347,"박중훈(양덕건), 이경영(오동팔), 성현아(노유라)"
134859,"벤 애플렉(크리스찬 울프), 안나 켄드릭(다나 커밍스), J.K. 시몬스(레이 킹)"
172816,"짐 캐리(닥터 아이보 로보트닉), 제임스 마스던(톰 와코우스키), 벤 슈와츠(소닉 더 헤지혹 목소리)"
66001,"안성기(형만), 이하나(남은)"
137908,"메간 폭스(에이프릴 오닐), 스티븐 아멜(케이시 존스), 로라 리니(레베카 빈센트)"
192150,"김윤석(한신성 대사), 조인성(강대진 참사관), 허준호(림용수 대사)"
193781,"다코타 존슨(매기), 트레시 엘리스 로스(그레이스)"
47428,"존 쿠삭(미 정보부 요원, 폴 솜즈), 공리(애나), 주윤발(마피아 보스, 앤소니)"
52972,"레이첼 맥아덤즈(베키 풀러), 해리슨 포드(마이크 포메로이), 다이안 키튼(콜린 펙)"
22080,
158626,"샐리 호킨스(엘라이자 에스포지토), 마이클 섀넌(리차드 스트릭랜드), 리차드 젠킨스(자일스)"
72222,"에이미 아담스(애나), 매튜 구드(데클랜)"
95873,"크리스 헴스워스(토르), 나탈리 포트만(제인 포스터), 톰 히들스턴(로키)"
150688,"베네딕트 컴버배치(그린치 목소리), 퍼렐 윌리엄스(내레이션)"
78845,"미셸 윌리엄스(마고), 세스 로건(루 루빈)"
113303,"김영애(순임), 도지원(영희), 송일국(상호)"
65751,"신현준(무기수 살인범 강태주), 허준호(태주의 옛친구인 형사, 조영우), 조수민(조세희)"
144213,"렌(레온), 아오야기 후미코(코가제)"
137976,"마이클 키튼(레이 크록), 닉 오퍼맨(딕 맥도날드), 존 캐럴 린치(맥 맥도날드)"
167105,"김윤석(김형민), 주지훈(강태오)"
65553,"사마이어 암스트롱(넬 베드워스), 케빈 지거스(우디)"
182407,"이새봄(유관순), 양윤희(어윤희), 김나니(권애라)"
125466,"에밀리 블런트(케이트 메이서), 베니시오 델 토로(알레한드로), 조슈 브롤린(맷 그레이버)"
10066,"그레고리 펙(로버트 쏜), 리 레믹(캐서린 쏜)"
146459,"이병헌(강재훈), 공효진(이수진), 안소희(지나(유진아))"
40034,"윌 스미스(히치), 에바 멘데스(사라)"
155665,"정우성(엄철우), 곽도원(곽철우)"
149576,"하성용(바나클), 정재헌(콰지), 엄상현(페이소)"
51957,"박희순(병희), 강혜정(수강)"
76791,"김진식(진식), 원강영(강영), 이응일(응일)"
60510,"오다기리 죠(타케루), 카가와 테루유키(미노루)"
78846,"조셉 고든 레빗(애덤), 세스 로건(카일)"
118955,"누미 라파스(카렌 셋맨), 윌렘 대포(테렌스 셋맨), 글렌 클로즈(니콜렛 케이먼)"
113983,"존 말루프, 비비안 마이어"
134685,"미즈타 와사비(도라에몽 목소리), 오오하라 메구미(노비타(진구) 목소리), 카카즈 유미(시즈카 목소리)"
28789,"멜로라 월터스(클로디아 윌슨 게터), 톰 크루즈(프랭크 T.J. 맥케이), 멜린다 딜론(로즈 게터)"
125841,"전태열(스폰지밥), 이인성(뚱이), 안토니오 반데라스"
142292,"미나세 이노리(준 목소리), 우치야마 코우키(타쿠미 목소리), 아마미야 소라(나츠키 목소리)"
94183,"김태균(빼꼼 목소리), 최정현(제시카/로라 목소리 )"
39910,"아담 샌들러(폴 크루), 크리스 록(캐어테이커 파렐)"
115955,"변요한(정구), 박정민(효민)"
92067,"아놀드 슈왈제네거(에밀 로트마이어), 실베스터 스탤론(레이 브레슬린), 제임스 카비젤(홉스)"
120157,"김윤석(김신부), 강동원(최부제)"
103178,"제레미 아이언스(라이문트 그레고리우스), 멜라니 로랑(에스테파니아), 잭 휴스턴(아마데우 프라두)"
37708,"존 쿠삭(배심원 니콜라스 이스터), 진 핵크만(배심원 전략가 랜킨 피츠), 더스틴 호프만(변호사 웰델 로)"
73588,"라이언 고슬링(딘), 미쉘 윌리엄스(신디)"
33652,"오리카사 후미코(후지와라 치요코(10~20대)), 코야마 마미(후지와라 치요코(20~40대)), 쇼지 미요코(후지와라 치요코(70대))"
34416,멜 깁슨(Lt. Col. 할 무어)
98438,"로버트 다우니 주니어(토니 스타크 / 아이언맨), 크리스 헴스워스(토르), 마크 러팔로(브루스 배너 / 헐크)"
10095,"빌 머레이(닥터 피터 벤크맨), 댄 애크로이드(닥터 레이몬드 스탠츠), 시고니 위버(다나 바렛)"
113163,"제임스 코든(폴 포츠), 알렉산드라 로치(줄스), 콤 미니(롤랜드)"
92827,"클린트 이스트우드(거스 로벨), 에이미 아담스(미키), 저스틴 팀버레이크(쟈니)"
76439,"콜린 퍼스(조지 6세), 제프리 러쉬(라이오넬 로그), 헬레나 본햄 카터(퀸 엘리자베스)"
127707,
76444,"이준(노미오 더빙 목소리), 지연(줄리엣 더빙 목소리), 제임스 맥어보이(노미오 목소리)"
144975,"아담 드라이버(패터슨), 골쉬프테 파라하니(로라)"
172344,"데이빗 A.R. 화이트(데이빗 힐), 존 코베트(피어스 힐), 쉐인 하퍼(조쉬 휘튼)"
91700,"할리 베리(조던 터너), 아비게일 브레스린(케이시 웰슨), 모리스 체스트넛(필립스)"
94170,"제니퍼 로렌스(캣니스 에버딘), 조쉬 허처슨(피타 멜라크), 리암 헴스워스(게일 호손)"
163844,"에밀리 왓슨(엠마 목소리), 닉 프로스트(프랭크 목소리), 제시카 브라운 핀들레이(페이 목소리)"
130720,"김명민(최필재), 김상호(권순태), 성동일(김판수)"
37733,"사라 폴리(앤), 마크 러팔로(리)"
102431,"이재응(동도), 차엽(현승), 이익준(동철)"
128235,"박해일(윤민철 PD), 유연석(심민호), 이경영(이장환 박사)"
25970,"이성재(노마크), 유오성(무대포), 강성진(딴따라)"
47370,"산드라 블록(라이언 스톤), 조지 클루니(맷 코왈스키)"
63515,"하야시바라 메구미(파프리카/아츠코 치바 목소리), 후루야 토루(고사쿠 토키타 목소리)"
85640,"한석규(상진), 이제훈(장호), 오달수(덕생)"
174903,"조정석(용남), 윤아(의주)"
31606,"신현준(상연), 정재영(재영), 신하균(정우)"
139438,"마이클 케인(프레드 밸린저), 하비 케이틀(믹 보일), 레이첼 와이즈(레나 벨린저)"
103324,"제시 아이젠버그(블루 목소리), 앤 해서웨이(쥬엘 목소리), 저메인 클레멘트(나이젤 목소리)"
179398,"이주영(여윤영), 문소리(이경진), 구교환(이성원)"
113344,"제시 아이젠버그(J. 다니엘 아틀라스), 마크 러팔로(딜런 로즈), 우디 해럴슨(메리트 맥키니)"
116234,"벤 애플렉(닉 던), 로자먼드 파이크(에이미 던)"
162423,"김충길(충길), 백승환(진권), 신민재(혁준)"
156200,"박경혜(민호 한국어 목소리), 홍범기(위스퍼 한국어 목소리), 김현지(지바냥 한국어 목소리)"
39427,박지빈(장한이)
45535,"니키 브론스키(트레이시 턴블래드), 존 트라볼타(에드나 턴블레이드), 퀸 라티파(모터마우스 메이벨)"
146480,"핀 화이트헤드(토미), 마크 라이런스(도슨), 톰 하디(파리어)"
13244,"우마 서먼(더 브라이드, 일명 블랙 맘바)"
41334,토니 자(캄)
34076,"오웬 윌슨(Lt. 크리스 버넷), 진 핵크만(Admiral 레슬리 맥마혼 리가트)"
71083,"모건 프리먼(넬슨 만델라), 맷 데이먼(프랑소와 피에나르)"
47404,"프랭크 란젤라(리차드 닉슨), 마이클 쉰(데이빗 프로스트)"
31310,"톰 행크스(마이클 설리반), 폴 뉴먼(존 루니), 주드 로(하렌 맥과이어)"
57897,이연걸(곽원갑)
156083,"다니엘 칼루야(크리스 워싱턴), 앨리슨 윌리암스(로즈 아미티지), 브래드리 휘트포드(딘 아미타지)"
74893,"임수정(지우), 공유(기준)"
113301,"저스틴 롱(앨빈 목소리), 제이슨 리(데이브), 매튜 그레이 구블러(사이먼 목소리)"
158621,브루스 윌리스(폴 커시)
99794,"하정우(윤영화), 이경영(차대은), 전혜진(박정민)"
159894,"최무성(진성철), 김여진(이미숙), 성유빈(윤기현)"
31371,"히로스에 료코(스기타 모나미/스기타 나오코), 코바야시 카오루(스기타 헤이스케)"
43210,"토빈 벨(직쏘 / 존), 쇼니 스미스(아만다), 도니 월버그(에릭 메이슨)"
133457,"신동엽(척 한국어 목소리), 신용우(레드 한국어 목소리), 정영웅(밤 한국어 목소리)"
154136,"김영무(조성현), 한여울(고영지), 김영용(조성진)"
52553,"벤 위쇼(장바티스트 그르누이), 더스틴 호프만(주세페 발디니)"
42877,"조쉬 하트넷(도날드 모튼), 라다 미첼(이사벨 소렌슨)"
64923,"마츠모토 준(카츠마다 유지), 아이바 마사키(이노우에 쇼이치), 니노미야 카즈나리(무라오카 에이스케)"
121922,"송강호(영조), 유아인(사도세자), 문근영(혜경궁 홍씨)"
82473,"조니 뎁(잭 스패로우), 하비에르 바르뎀(살라자르), 제프리 러쉬(헥터 바르보사)"
40101,"애드리언 브로디(잭 스탁스), 키이라 나이틀리(재키 프라이스), 크리스 크리스토퍼슨(닥터 토마스 벡커)"
72043,"러셀 크로우(존 브레넌), 엘리자베스 뱅크스(라라 브레넌)"
63824,"정재영(설주), 한은정(홍리), 허준호(호위무사, 창강)"
169637,"도날드 글로버(심바 목소리), 비욘세(날라 목소리), 제임스 얼 존스(무파사 목소리)"
32723,"빈 디젤(도미닉 토리토), 폴 워커(브라이언 오코너)"
68086,"에릭 바나(헨리 드템블), 레이첼 맥아담스(클레어 애브셔)"
162249,"드웨인 존슨(데이비스 오코예), 제프리 딘 모건(러셀 요원), 나오미 해리스(케이트 칼드웰 의사)"
51082,"김하늘(안수지), 강지환(이재준)"
39908,"브루스 윌리스(하티건), 미키 루크(마브), 제시카 알바(낸시)"
32972,"마리옹 꼬띠아르 (리어노러 오랑테스 박사), 맷 데이먼(토마스 엠호프), 로렌스 피시번(엘리스 치버 박사)"
66253,"라이언 레이놀즈(윌 헤이즈), 레이첼 와이즈(섬머 하틀리), 아일라 피셔(에이프릴)"
105015,"딜런 오브라이언(토마스), 카야 스코델라리오(트리사), 윌 폴터(갤리)"
196809,"전종서(자영), 손석구(우리)"
210282,"스테파니 비트리즈, 윌머 발더라마, 다이앤 게레로"
74058,"키이라 나이틀리(사비나 슈필라인), 비고 모텐슨(지그문트 프로이트), 마이클 패스벤더(칼 융)"
29223,"데본 사와(알렉스 챈스 브로닝), 알리 라터(클리어 리버스), 커 스미스(카터 호턴)"
63562,"후지와라 타츠야(야가미 라이토), 마츠야마 켄이치(L)"
163831,"제라드 버틀러(마이크 배닝), 모건 프리먼(트럼불 대통령)"
16570,"하비 케이틀(미스터 화이트/래리 디믹), 마이클 매드슨(미스터 브론드/빅 베가), 크리스 펜(나이스 가이 에디 캐봇)"
187629,"박해수(이찬우), 서예지(성은영), 김상호(박기헌)"
102817,"김남길(장사정), 손예진(여월)"
66834,"제임스 맥어보이(웨슬리 깁슨), 모건 프리먼(슬로안), 안젤리나 졸리(폭스)"
37720,"나카이 키이치(요시무라 칸이치로), 사토 코이치(사이토 하지메)"
62560,"에드워드 노튼(브루스 배너), 리브 타일러(베티 로스), 팀 로스(에밀 브론스키)"
174832,"요안나 쿨릭(줄라), 토마즈 코트(빅토르)"
133223,"김하영(피니), 배진홍(리아), 윤세웅(데이브)"
86177,파토르 A 굽테(스탠리)
127361,"크리스틴 스튜어트(니아), 니콜라스 홀트(사일러스)"
16201,"크리스찬 슬레이터(클라렌스 워리), 패트리샤 아퀘트(알라바마 위트맨)"
142384,"현빈(임철령), 유해진(강진태), 김주혁(차기성)"
107306,"마이클 키튼(리건), 에드워드 노튼(마이크), 엠마 스톤(샘)"
63113,"클라이브 오웬(테오도르 파론), 줄리안 무어(줄리엔), 마이클 케인(제스퍼)"
153652,"박서준(기준), 강하늘(희열)"
137972,"케빈 스페이시(톰 브랜드), 제니퍼 가너(라라 브랜드), 크리스토퍼 월켄(펠릭스 퍼킨스)"
172117,"에무라 유우토(나카지마 아츠시 목소리), 미야노 마모루(다자이 오사무 목소리), 오노 켄쇼(아쿠타가와 류노스케 목소리)"
39840,"산드라 블록(백인 지방 검사의 아내 - 진 카봇), 브렌든 프레이저(백인 지방 검사 - 리차드 카봇), 돈 치들(흑인 수사관 - 그레이엄 워터스)"
189141,"고아성(이자영), 이솜(정유나), 박혜수(심보람)"
140787,"제니퍼 가너(크리스티), 마틴 헨더슨(케빈), 카일리 로저스(애나)"
57829,"성현아(새희), 하정우(지우)"
136893,"이미연(조경아), 최지우(함주란), 김주혁(정성찬)"
136869,"에이미 아담스(루이스), 제레미 레너(이안), 포레스트 휘태커(웨버 대령)"
158266,"하성용(바나클 목소리), 정재헌(콰지 목소리), 엄상현(페이소 목소리)"
43610,"우마 서먼(라피 가뎃), 브라이언 그린버그(데이빗 브룸버그), 메릴 스트립(리사 메츠거)"
125419,"헬렌 미렌(캐서린 파월 대령), 아론 폴(스티브 와츠 중위), 앨런 릭먼(프랭크 벤슨 장군)"
42931,"김민종(인서), 김유미(화연/정순)"
159806,"김명민(이명준), 최민호(최성필), 김성철(기하륜)"
68204,"짐 캐리(스크루지/과거-현재-미래 유령 목소리), 콜린 퍼스(프레드 목소리), 게리 올드만(밥 크라칫/꼬맹이 팀 목소리)"
60548,"한석규(심인구), 김지수(이혜란)"
118953,"조니 뎁(모자 장수), 앤 해서웨이(하얀 여왕), 미아 와시코브스카(앨리스)"
116327,
53041,"빌 헤이더(젊은 발명가, 플린트 록우드 목소리), 안나 페리스(샘 스팍스 목소리), 제임스 칸(팀 록우드 목소리)"
105002,"펑위옌(리싱), 바이바이허(차오차오), 장경부(마오마오)"
194813,"매즈 미켈슨, 토머스 보 라센, 라르스 란데"
125468,"잭 휴스턴(벤허), 모건 프리먼(일데르임), 토비 켑벨(메살라)"
134847,"브라이스 달라스 하워드(그레이스), 오크스 페글리(피터), 웨스 벤틀리(잭)"
143390,"아네트 베닝(도로시아), 엘르 패닝(줄리), 그레타 거윅(애비)"
32975,"도라 버치(이니드), 스칼렛 요한슨(레베카), 브래드 렌프로(조쉬)"
49336,"이바나 바쿠에로(오필리아), 더그 존스(판)"
85633,"톰 크루즈(잭 하퍼), 모건 프리먼(말콤 비치), 올가 쿠릴렌코(줄리아)"
38823,"후카다 쿄코(류가사키 모모코), 츠치야 안나(시라유리 이치고)"
69866,"토비 맥과이어(샘 카힐), 제이크 질렌할(토미 카힐), 나탈리 포트만(그레이스 카힐)"
28910,"크리스찬 베일(패트릭 베이트만), 윌렘 대포(도날드 킴볼 형사), 자레드 레토(폴 알렌)"
127866,"잭 블랙(R. L. 스타인), 딜런 미네트(잭), 오데야 러쉬(헤나)"
84414,"레이첼 맥아덤즈(페이지), 채닝 테이텀(레오)"
106332,"윤계상(정우), 고준희(은수)"
63485,"이치하라 하야토(토모야), 우에노 주리(아오이)"
147054,"멜리사 조안 하트(그레이스), 제시 멧칼피(톰 엔들러), 데이빗 A.R. 화이트(데이브 목사)"
73301,"시다 미라이(아리에티 목소리), 카미키 류노스케(쇼우 목소리), 미우라 토모카즈(포드 목소리)"
90885,"지성(현승), 김아중(윤정)"
165669,"박성웅(재하), 윤승아(희원), 오승훈(영우)"
82227,"존 레귀자모(시드 목소리), 레이 로마노(매니 목소리), 데니스 리어리(디에고 목소리)"
78672,이완 맥그리거(올리버)
118347,"에단 호크, 노아 테일러(Mr.로버트슨), 사라 스누크"
70615,"자레드 레토(니모 노바디 성인/ 니모 노바디 118세), 다이앤 크루거(애나 성인), 사라 폴리(엘리즈)"
164172,"진영(동현), 박성웅(판수), 라미란(미선)"
82262,"손려(작약), 덩차오(주효렴)"
91603,"벤 애플렉(토니 멘데스), 존 굿맨(존 챔버스)"
125426,"프레데릭 벨(이자벨 베르누이), 엘로디 퐁탕(로라 베르누이), 크리스티앙 클라비에(클로드 베르누이)"
47364,"다니엘 크레이그(투비아 비엘스키), 리브 슈라이버(주스 비엘스키), 제이미 벨(아사엘 비엘스키)"
41592,"린제이 로한(매기 페이튼), 저스틴 롱(케빈), 브레킨 메이어(레이 페이톤 2세)"
79770,"앤 해서웨이(엠마 몰리), 짐 스터게스(덱스터 메이휴)"
82389,"톰 행크스(닥터 헨리 구즈 / 아이작 / 자크리), 휴 그랜트(덴홀름 / 코나족), 할리 베리(부족사람/ 에어스의 아내 /루이자 레이 / 의사 / 메로님 / 메로님(노인))"
51386,"차승원(북한군 진격대장, 박무랑), 권상우(학도병, 구갑조), T.O.P(학도병 중대장, 오장범)"
123275,"아만다 사이프리드(케이티), 러셀 크로우(제이크 데이비스), 아론 폴(카메론)"
66464,"나라 유리아(포뇨 목소리), 도이 히로키(소년, 소스케 목소리), 야마구치 토모코(소스케의 엄마, 리사 목소리)"
108043,"도미닉 퍼셀(짐), 에린 카프럭(로지), 에드워드 펄롱(션)"
25917,"김규리(민아), 박예진(효신), 이영진(시은)"
85141,"제시카 차스테인(마야), 제이슨 클락(댄), 조엘 에저튼(패트릭)"
114282,"베라 파미가(로레인), 패트릭 윌슨(에드), 프란카 포텐테(애니타)"
91189,로버트 레드포드
39632,"츠마부키 사토시(야자키 켄이치), 안도 마사노부(야마다 타다시)"
58273,"김승우(영운), 장진영(연아)"
193092,"이경훈(수환), 이항나(수환어머니), 안내상(수환아버지)"
78300,"박정범(승철), 진용욱(경철), 강은진(숙영)"
157500,"남도형(오지 목소리), 정은지(캐리 목소리), 김현욱(프롱키 목소리)"
54871,"에드워드 노튼(아이젠하임), 폴 지아마티(울 경감), 제시카 비엘(소피 공녀)"
42869,"우에노 주리(스즈메), 아오이 유우(쿠자쿠)"
12787,"장 위그 앙글라드(조그), 베아트리스 달(베티)"
51777,"브래드 피트(제리 레인), 미레유 에노스(카린 레인)"
151192,"이요원(수경), 정만식(성호), 이솜(주미)"
69339,"스티브 카렐(댄 번스), 줄리엣 비노쉬(마리)"
54290,"데니스 퀘이드(페이튼), 벤 포스터(보워)"
38138,"윤계상(강민재), 김민정(황보수진), 도지원(양정숙)"
175045,"에바 멜란데르(티나), 에로 밀로노프(보레)"
77835,"후카츠 에리(호쇼 에미(변호사)), 니시다 토시유키(사라시나 로쿠베(유령 증인))"
65242,"크리스티나 리치(페넬로피), 제임스 맥어보이(맥스)"
69023,"전도연(김희수), 하정우(조병운)"
22749,"신초우 코콘데이(나레이터 목소리), 노노무라 마코토(쇼우키치 목소리), 이시다 유리코(오키요 목소리)"
100990,"리처드 아미티지(게리 모리스), 사라 웨인 콜리스(앨리슨 스톤), 맷 월쉬(피트)"
36352,"배두나(정현채), 김남진(이동하)"
92003,"안젤리나 졸리(말레피센트), 엘르 패닝(오로라 공주), 샬토 코플리(스테판 왕)"
29892,후지키 요시카츠
64089,"아오이 유우(시로 목소리), 니노미야 카즈나리(쿠로 목소리)"
81464,"에이미 아담스(마가렛 킨), 크리스토프 왈츠(월터 킨)"
35110,"패트릭 스튜어트(찰스 자비에 교수), 휴 잭맨(로건/울버린), 이안 맥켈런(에릭 렌셔/마그네토)"
175322,"김다미(자윤), 조민수(닥터 백), 박희순(미스터 최)"
64161,휴 잭맨(로건 / 울버린)
66751,"토미 리 존스(에드 톰 벨), 하비에르 바르뎀(안톤 시거), 조슈 브롤린(르웰린 모스)"
43679,"조니 뎁(잭 스패로우), 올랜도 블룸(윌 터너), 키이라 나이틀리(엘리자베스 스완)"
149797,"레나 헤디(루나 목소리), 아론 폴(닉스 목소리), 숀 빈(레지스 목소리)"
47401,"조쉬 하트넷(슬레븐), 브루스 윌리스(미스터 굿캣), 루시 리우(린지)"
17920,"정준(강대호), 김소연(고은비)"
48227,"강동원(전우치), 김윤석(화담), 임수정(서인경)"
69467,"주지훈(앤티크의 사장, 김진혁), 김재욱(파티쉐, 민선우), 유아인(파티쉐 견습생, 양기범)"
36720,"이정재(오상우), 이범수(오봉구)"
132933,"김남길(재혁), 김주현(연주), 정진영(평섭)"
98744,"필립 세이모어 호프만(로버트 겔바트), 크리스토퍼 월켄(피터 미첼), 캐서린 키너(줄리엣 겔바트)"
67901,"다니엘 래드클리프(해리 포터), 엠마 왓슨(헤르미온느), 루퍼트 그린트(론 위즐리)"
42690,"설경구(우재), 송윤아(연수)"
164108,"성지루(봉용), 전미선(화연), 권소현(달님)"
80219,"게리 올드만(조지 스마일리), 톰 하디(리키 타르), 콜린 퍼스(빌 헤이든)"
61845,"나탈리 포트만(앤 볼린), 스칼렛 요한슨(메리 볼린), 에릭 바나(헨리 8세)"
61103,"임창정(필제), 하지원(명란)"
118652,"데이비드 가렛(니콜로 파가니니), 자레드 해리스(우르바니), 조엘리 리차드슨(에델 랭햄)"
102309,"에단 호크(제시), 줄리 델피(셀린느), 샤뮤스 데이비 핏츠패트릭(행크)"
36839,"아론 에크하트(조쉬 케이스 박사), 힐러리 스웽크(레베카 차일즈 소령), 딜로이 린도(닥터 에드워드 브레이즐톤)"
124844,"리카도 다린, 레오나르도 스바라글리아, 다리오 그란디네티"
91391,"공효진(본인), 하정우(본인)"
37951,"숀 펜(폴 리버스), 베니시오 델 토로(잭 조단), 나오미 왓츠(크리스티나 펙)"
35941,"벤 애플렉(올리), 리브 타일러(마야), 라켈 카스트로(거티)"
127378,"존 레귀자모(시드 목소리), 레이 로마노(매니 목소리), 제니퍼 로페즈(쉬라 목소리)"
93002,"야지마 아키코, 나라하시 미키, 후지와라 케이지"
75426,라이언 레이놀즈(웨이드 윌슨 / 데드풀)
76956,"위노나 라이더(엘사 반 헬싱 목소리), 캐서린 오하라(수잔 프랑켄슈타인 목소리), 찰리 타핸(빅터 프랑켄슈타인 목소리)"
164932,"제시카 로테(트리 겔브먼), 이스라엘 브로우사드(카터 데이비스)"
129671,"로망 뒤리스(데이빗), 아나이스 드무스티어(클레어), 라파엘 페르소나즈(질레)"
65197,"비고 모텐슨(니콜라이), 나오미 왓츠(안나), 뱅상 카셀(키릴)"
125414,"크리스 파인(커크), 사이먼 페그(스코티), 조 샐다나(우후라)"
18564,"제니퍼 로페즈(테리 플로리스), 아이스 큐브(대니 리치), 존 보이트(폴 사론)"
65513,존 쿠삭(데이빗)
38906,"르네 젤위거(브리짓 존스), 휴 그랜트(다니엘 클리버), 콜린 퍼스(마크 다시)"
148647,"배종옥(미경), 이원근(용준), 지윤호(수현)"
28267,"이성재(고윤주), 배두나(박현남)"
34486,"마틴 로렌스(마커스 버넷 형사), 윌 스미스(마이크 로리 형사)"
76692,"리즈 위더스푼(로렌), 크리스 파인(프랭클린(FDR)), 톰 하디(터크)"
51132,"로버트 다우니 주니어(셜록 홈즈), 주드 로(왓슨 박사), 레이첼 맥아덤즈(아이린 애들러)"
93793,"유지태(배재철), 차예련(이윤희), 이세야 유스케(사와다)"
38582,린제이 로한(케이디 헤론)
66520,"크리스찬 베일(존 코너), 샘 워싱턴(마커스 라이트), 안톤 옐친(카일 리스)"
17416,"윌 스미스(Captain 스티븐 스티브 힐러), 빌 풀만(토마스 J. 휘트모어 대통령), 제프 골드브럼(데이빗 레빈슨)"
39723,"나탈리 포트만(앨리스), 주드 로(댄), 줄리아 로버츠(안나)"
31939,"존 트라볼타(가브리엘 쉐어), 휴 잭맨(스탠리 좁슨), 할리 베리(긴저 노리스)"
87163,"마이클 패스벤더(브랜든 설리반), 캐리 멀리건(씨씨), 제임스 뱃지 데일(데이비드)"
190722,"사라 폴슨(다이앤), 키에라 앨런(클로이)"
10024,"실베스터 스탤론(록키 발보아), 탈리아 샤이어(에드리안), 버트 영(폴리)"
75173,"윌 스미스(에이전트 제이), 토미 리 존스(에이전트 케이), 조슈 브롤린(젊은 에이전트 케이)"
90922,"앤드류 가필드(로드리게스 신부), 리암 니슨(페레이라 신부), 아담 드라이버(가루프)"
87305,"아담 샌들러(드라큘라 목소리), 스티브 부세미(웨인 목소리), 프란 드레셔(유니스 목소리)"
160399,"강하늘(진석), 김무열(유석)"
27404,"마츠 다카코(우즈키), 다나베 세이치(야마자키)"
97693,"박해일(인모), 윤제문(한모), 공효진(미연)"
119430,"제임스 맥어보이(찰스 자비에 교수 / 프로페서 X), 마이클 패스벤더(에릭 렌셔 / 마그네토), 제니퍼 로렌스(레이븐 다크홀름 / 미스틱)"
114225,"크리스 헴스워스(오웬 체이스), 킬리언 머피(매튜 조이), 벤 위쇼(허먼 멜빌)"
82924,"이완 맥그리거(헨리), 나오미 왓츠(마리아), 톰 홀랜드(루카스)"
76452,"브래들리 쿠퍼(에디 모라), 로버트 드 니로(칼 밸 룬), 애비 코니쉬(린디)"
80626,"매튜 맥커너히(믹 할러), 마리사 토메이(매기 맥퍼슨), 라이언 필립(루이스 루레)"
63017,제임스 프랭코(블레인 로링스)
115642,"에디 레드메인(뉴트 스캐맨더), 콜린 파렐(퍼시발 그레이브스), 캐서린 워터스턴(티나 골드스틴)"
159741,"후쿠시 소우타(야마모토), 쿠도 아스카(아오야마 다카시)"
28099,"조니 뎁(크레인), 크리스티나 리치(카트리나)"
65877,"알렉스 에텔(앵거스 맥모로), 에밀리 왓슨(앤 맥모로우)"
65836,"조나단 리스 마이어스(조지 호그), 라다 미첼(리 피어슨), 주윤발(첸 한셍)"
118954,"블레이크 라이블리(아델라인 보우먼), 미치엘 휘즈먼(엘리스 존스)"
109640,"줄리엣 비노쉬(마리아 엔더스), 크리스틴 스튜어트(발렌틴), 클로이 모레츠(조앤)"
81834,"조지 클루니(맷 킹), 주디 그리어(줄리 스피어)"
47701,"김혜자(마더〔도준 모〕), 원빈(윤도준)"
100676,"채닝 테이텀(마크 슐츠), 스티브 카렐(존 듀폰), 마크 러팔로(데이브 슐츠)"
33837,양동근(최배달)
65473,"짐 캐리(호튼 목소리), 스티브 카렐(‘누군가 마을’ 시장님 목소리)"
107053,"오웬 윌슨(레지 목소리), 우디 해럴슨(제이크 목소리), 에이미 포엘러(제니 목소리)"
90591,"헨리 카빌(나폴레옹 솔로), 아미 해머(일리야), 알리시아 비칸데르(개비 텔러)"
106335,"이리노 미유(타카오 목소리), 하나자와 카나(유키노 목소리)"
66510,"임창정(호창), 엄지원(세영)"
17417,"알리시아 실버스톤(세어 호로위츠), 폴 러드(조쉬), 스테이시 대쉬(다이온)"
101953,"사이먼 페그(헥터), 로자먼드 파이크(클라라), 장 르노(디에고)"
191637,"알렉산더 스카스가드(네이선 린드), 밀리 바비 브라운(매디슨 러셀)"
68063,톰 크루즈(클라우스 폰 슈타펜버그 대령)
26980,"장동건(세르게이), 정준호(이근), 김상중(한명곤)"
72327,제임스 프랭코(아론 랠스턴)
66069,"카호(미기타 소요), 오카다 마사키(오오사와 히로미), 나츠카와 유이(엄마, 미기타 이토코)"
151151,"에밀리 블런트(메리 포핀스), 린-마누엘 미란다(잭), 벤 위쇼(마이클 뱅크스)"
39563,"구자형(문수 목소리), 배정미(산도 목소리), 전광주(몽룡 목소리)"
93217,"키이라 나이틀리(안나 카레니나), 주드 로(알렉시 카레닌 ), 애런 존슨(브론스키)"
153729,"오노 다이스케(카토 목소리), 하야미 사오리(레이카 목소리)"
17462,"마리나 슈디나(빌리 휴즈), 페이 리플리(카렌 휴즈), 에반 리처즈(앤디)"
103759,"정재영(한정석), 한지민(유소정)"
61503,톰 행크스(로버트 랭던)
84917,"제시 아이젠버그(잭), 엘렌 페이지(모니카), 알렉 볼드윈(존)"
75400,"임창정(신용불량 강력계 형사, 방극현), 엄지원(카드사 채권팀 사원, 김무령)"
39614,"리 워넬(아담), 캐리 엘위스(닥터 로렌스 고든), 대니 글로버(데이빗 탭 형사)"
72012,"이노우에 마오(마유), 오카다 마사키(타쿠마)"
89627,"오스카 아이삭(르윈 데이비스), 캐리 멀리건(진 버키), 저스틴 팀버레이크(짐 버키)"
18002,"프란시스 맥도맨드(마지 군더슨), 윌리암 H. 머시(제리 룬드가드), 스티브 부세미(칼 쇼월터)"
37716,"김주혁(동네반장 홍두식), 엄정화(치과의 윤혜진), 김가연(간호사 미선)"
,
